glyph,latex,latex_alias,katex,typst,typst_shorthand,lean,lean_shorthand,mma,mma_alias
!,,clam,,excl,,,,RawExclamation,
#,,,#,hash,,,,,
$,,dollar,$ | textdollar,dollar | pataca | peso,,,,,
%,,percent,%,percent,,,,RawPercent,
&,,ampersand | and,& | And,amp,,,,RawAmpersand,
',,,,quote.single,,,,RawQuote,
(,lparen,,lparen,paren.l,,,,RawLeftParenthesis,
),rparen,,rparen,paren.r,,,,RawRightParenthesis,
*,,,,ast.basic,,,,Bullet,
+,,plus,,plus,,,,RawPlus,
",",,comma,,comma,,,,RawComma,
-,,,,hyph.minus,,,,RawDash,
.,,period,ldotp,dot.basic,,,,RawDot,
/,,slash,,slash,,,,RawSlash,
0,,,,zero | zero.slashed,,,,,
:,colon,,,colon,,,,RawColon,
;,,semicolon,,semi,,,,RawSemicolon,
<,less,,lt | textless,lt,,,,RawLess,
=,equal,,,eq,,,,LongEqual,
>,greater,,gt | textgreater,gt,,,,RawGreater,
?,question,,,quest,,,,RawQuestion,
@,,atsign,,,,,,RawAt,
A,,,u0391,,,,,,
B,,,u0392,,,,,,
C,,,u2102,,,,,,
E,,,u0395,,,,,,
H,,,u0397 | u210D,,,,,,
I,,,u0399,,,,,,
K,,,u039A,,,,,,
M,,,u039C,,,,,,
N,,,u039D | u2115,,,,,,
O,,,u039F,,,,,,
P,,,u03A1 | u2119,,,,,,
Q,,,u211A,,,,,,
R,,,u211D,,,,,,
T,,,u03A4,,,,,,
X,,,u03A7,,,,,,
Z,,,u0396 | u2124,,,,,,
[,lbrack,,lbrack,bracket.l,,,,RawLeftBracket,
\,backslash,,backslash | textbackslash,,,setminus,,RawBackslash,
],rbrack,,rbrack,bracket.r,,,,RawRightBracket,
^,,,hat | textasciicircum,hat,,,,RawWedge,
_,,,_ | textunderscore,underscore,,,,,
`,,,,grave,,,,,
h,,,u210E,,,,,,
{,lbrace,,lbrace | textbraceleft | {,brace.l | control | gender,,,,RawLeftBrace,
|,vert,,textbar,bar.v,,,,RawVerticalBar,
},rbrace,,rbrace | textbraceright | },brace.r,,,,RawRightBrace,
~,,,textasciitilde | tilde,tilde.basic,,,,RawTilde,
 ,,,nobreakspace | space,,,,,,
¡,,,,excl.inv,,,r!,DownExclamation,
¢,,,,cent,,cent,,,
£,,sterling,mathsterling | pounds | textsterling,pound,,pounds | pound,,,
¤,,textcurrency,,currency,,currency,,,
¥,,yuan,yen,yen | yuan,,yen,,,
¦,,,,bar.v.broken,,brokenbar,,,
§,,section | S,S,section,,section,,Section,
¨,,,ddot,diaer | dot.double,,,,DoubleDot,
©,,,,copyright,,copyright,,Copyright,
ª,,,,,,ordfeminine | ^a_,,,
«,,,,quote.chevron.l.double,,f<< | flqq,,LeftGuillemet,
¬,neg | lnot,,lnot | neg,not,,not | neg | lnot,!,Not,
®,,,circledR,trademark.registered,,circledR | registered,,RegisteredTrademark,
¯,,,,macron,,,,,
°,degree,,degree | textdegree,degree,,degree,,Degree,
±,pm,,pm,plus.minus,,,pm,PlusMinus,
²,,^2,,,,,^2,,
³,,^3,,,,,^3,,
´,,,,acute,,,,,
µ,,,,,,textmu | micro,,Micro,
¶,,paragraph,P,pilcrow,,paragraph | pilcrow,,Paragraph,
·,cdotp,,,dot.c,,dot | cdot | centerdot,.,CenterDot,
¸,,,c,,,,,,
¹,,^1,,,,,^1,,
º,,,,,,ordmasculine | ^o_,,,
»,,,,quote.chevron.r.double,,f>> | frqq,,RightGuillemet,
¼,,,,,,frac14 | frac,,,
½,,,,,,frac12,,,
¾,,,,,,frac34,,,
¿,,,,quest.inv,,,?,DownQuestion,
À,,,,,,,`A,CapitalAGrave,
Á,,,,,,,'A,CapitalAAcute,
Â,,,,,,^{A},,CapitalAHat,
Ã,,,,,,,~A,CapitalATilde,
Ä,,,,,,,"""A",CapitalADoubleDot,
Å,,,,angstrom,,,AA,CapitalARing,
Æ,,,AE,,,,AE,CapitalAE,
Ç,,,,,,,cC,CapitalCCedilla,
È,,,,,,,`E,CapitalEGrave,
É,,,,,,,'E,CapitalEAcute,
Ê,,,,,,^{E},,CapitalEHat,
Ë,,,,,,,"""E",CapitalEDoubleDot,
Ì,,,,,,,`I,CapitalIGrave,
Í,,,,,,,'I,CapitalIAcute,
Î,,,,,,^{I},,CapitalIHat,
Ï,,,,,,,"""I",CapitalIDoubleDot,
Ð,,,,,,,DH,CapitalEth,
Ñ,,,,,,,~N,CapitalNTilde,
Ò,,,,,,,`O,CapitalOGrave,
Ó,,,,,,,'O,CapitalOAcute,
Ô,,,,,,^{O},,CapitalOHat,
Õ,,,,,,,~O,CapitalOTilde,
Ö,,,,,,,"""O",CapitalODoubleDot,
×,times,,times,times,,times | multiplication,x,Times,
Ø,,,O,,,,O | /O,CapitalOSlash,
Ù,,,,,,,`U,CapitalUGrave,
Ú,,,,,,,'U,CapitalUAcute,
Û,,,,,,^{U},,CapitalUHat,
Ü,,,,,,,"""U",CapitalUDoubleDot,
Ý,,,,,,,'Y,CapitalYAcute,
Þ,,,,,,,TH,CapitalThorn,
ß,,,ss,,,,,,
à,,,,,,,`a,AGrave,
á,,,,,,,'a,AAcute,
â,,,,,,^{a},,AHat,
ã,,,,,,,~a,ATilde,
ä,,,,,,,"""a",ADoubleDot,
å,,,,,,,aa,ARing,
æ,,,ae,,,,ae,AE,
ç,,,,,,,cc,CCedilla,
è,,,,,,,`e,EGrave,
é,,,,,,,'e,EAcute,
ê,,,,,,^{e},,EHat,
ë,,,,,,,"""e",EDoubleDot,
ì,,,,,,,`i,IGrave,
í,,,,,,,'i,IAcute,
î,,,,,,^{i},,IHat,
ï,,,,,,,"""i",IDoubleDot,
ð,eth,,eth | u00f0,,,,dh,Eth,
ñ,,,,,,~{n},,NTilde,
ò,,,,,,,`o,OGrave,
ó,,,,,,,'o,OAcute,
ô,,,,,,^{o},,OHat,
õ,,,,,,,~o,OTilde,
ö,,,,,,,"""o",ODoubleDot,
÷,div,,div,div,,division | div,,Divide,
ø,,,o,,,,/o,OSlash,
ù,,,,,,,`u,UGrave,
ú,,,,,,,'u,UAcute,
û,,,,,,^{u},,UHat,
ü,,,,,,,"""u",UDoubleDot,
ý,,,,,,,'y,YAcute,
ÿ,,,,,,,"""y",YDoubleDot,
Ā,,,,,,-{A},,CapitalABar,
ā,,,,,,-{a},,ABar,
Č,,,,,,,vC,CapitalCHacek,
č,,,,,,,vc,CHacek,
Ď,,,,,,,vD,CapitalDHacek,
ď,,,,,,,vd,DHacek,
Ē,,,,,,-{E},,CapitalEBar,
ē,,,,,,-{e},,EBar,
Ě,,,,,,,vE,CapitalEHacek,
ě,,,,,,,ve,EHacek,
ħ,,,,planck,,,,,
Ī,,,,,,-{I},,,
ī,,,,,,-{i},,,
Į,,,,,,,kI,,
į,,,,,,,ki,,
ı,,,i | u0131,dotless.i,,imath,,DotlessI,
Ł,,,,,,,/L,CapitalLSlash,
Ō,,,,,,-{O},,,
ō,,,,,,-{o},,,
Œ,,,OE,,,,OE,CapitalOE,
œ,,,oe,,,,oe,OE,
Ū,,,,,,-{U},,,
ū,,,,,,-{u},,,
ƛ,,,,,,Gl-,,,
Ƶ,Zbar,,,,,,,,
ȩ,,,,,,,ce,,
ȷ,,,j | u0237,dotless.j,,,,,
ɢ,,tscg,,,,,,,
ɪ,,tsci,,,,,,,
ɴ,,tscn,,,,,,,
ʀ,,tscr,,,,,,,
ʏ,,tscy,,,,,,,
ʙ,,tscb,,,,,,,
ʜ,,tsch,,,,,,,
ʟ,,tscl,,,,,,,
ʰ,,^h,,,,,^h,,
ʱ,,,,,,^hhook | ^hwithhook,,,
ʲ,,^j,,,,,^j,,
ʳ,,^r,,,,,^r,,
ʴ,,,,,,^turnedr,,,
ʵ,,,,,,^turnedrhook | ^turnedrwithhook,,,
ʶ,,,,,,^Rinverted,,,
ʷ,,^w,,,,,^w,,
ʸ,,^y,,,,,^y,,
ˆ,,,^,,,,,,
ˇ,,,check | v,caron,,,,Hacek,
ˉ,,,= | bar,,,,,,
ˊ,,,' | acute,,,,,,
ˋ,,,` | grave,,,,,,
˘,,,breve | u,breve,,,,Breve,
˙,,,. | dot,,,,,,
˚,,,mathring | r,,,,,,
˜,,,~,,,,,,
˝,,,H,acute.double,,,,,
ˠ,,,,,,^gamma,,,
ˡ,,^l,,,,,^l,,
ˢ,,^s,,,,,^s,,
ˣ,,^x,,,,,^x,,
ˤ,,,,,,^stop,,,
̀,grave,,,,,,,,
́,acute,,,,,,,,
̂,hat,,,,,,,,
̃,tilde,,,,,,,,
̄,bar,,,,,,,,
̅,overbar,,,,,,,,
̆,breve,,,,,,,,
̇,dot,,,,,,,,
̈,ddot,,,,,,,,
̉,ovhook,,,,,,,,
̊,ocirc,,,,,,,,
̌,check,,,,,,,,
̐,candra,,,,,,,,
̒,oturnedcomma,,,,,,,,
̕,ocommatopright,,,,,,,,
̚,droang,,,,,,,,
̰,wideutilde,,,,,,,,
̲,underbar,,,,,,,,
̸,notaccent,,,,,,,,
͍,underleftrightarrow,,,,,,,,
Ͱ,,,,,,Heta,,,
ͱ,,,,,,heta,,,
Ϳ,,,,,,Yot,,,
Α,Alpha,,,Alpha,,Alpha,GA,CapitalAlpha,
Β,Beta,,,Beta,,Beta,GB,CapitalBeta,
Γ,Gamma,,Gamma,Gamma,,Gamma,G | GG,CapitalGamma,
Δ,Delta,,Delta,Delta,,Delta,D | GD,CapitalDelta,
Ε,Epsilon,,,Epsilon,,Epsilon,GE,CapitalEpsilon,
Ζ,Zeta,,,Zeta,,Zeta,GZ,CapitalZeta,
Η,Eta,,,Eta,,Eta,,CapitalEta,
Θ,Theta,,Theta,Theta,,Theta | GTH,,CapitalTheta,
Ι,Iota,,,Iota,,Iota,GI,CapitalIota,
Κ,Kappa,,,Kappa,,Kappa,GK,CapitalKappa,
Λ,Lambda,,Lambda,Lambda,,Lambda | Lamda,L | GL,CapitalLambda,
Μ,Mu,,,Mu,,,GM,CapitalMu,
Ν,Nu,,,Nu,,,GN | Nu,CapitalNu,
Ξ,Xi,,Xi,Xi,,,GX | Xi,CapitalXi,
Ο,Omicron,,,Omicron,,Omicron,,CapitalOmicron,
Π,Pi,,Pi,Pi,,,p | P | Pi,CapitalPi,
Ρ,Rho,,,Rho,,Rho,GR,CapitalRho,
Σ,Sigma,,Sigma,Sigma,,Sigma,S | GS,CapitalSigma,
Τ,Tau,,,Tau,,Tau,GT,CapitalTau,
Υ,Upsilon,,Upsilon,Upsilon,,Upsilon,GU,CapitalUpsilon,
Φ,Phi,,Phi,Phi,,Phi,GF,CapitalPhi,
Χ,Chi,,,Chi,,Chi,GC,CapitalChi,
Ψ,Psi,,Psi,Psi,,Psi,GP,CapitalPsi,
Ω,Omega,,Omega,Omega,,Omega,GO,CapitalOmega,
α,alpha,,alpha,alpha,,alpha,a | Ga,Alpha,
β,beta,,beta,beta,,beta,b | be | Gb,Beta,
γ,gamma,,gamma,gamma,,gamma,g | ga | Gg,Gamma,
δ,delta,,delta,delta,,delta,de | Gd,Delta,
ε,varepsilon,,varepsilon,epsilon,,epsilon | eps,e | ep | Ge,CurlyEpsilon,
ζ,zeta,,zeta,zeta,,zeta,ze | Gz,Zeta,
η,eta,,eta,eta,,eta,et,Eta,
θ,theta,,theta,theta,,theta | Gth,th,Theta,
ι,iota,,iota,iota,,iota,io | Gi,Iota,
κ,kappa,,kappa,kappa,,kappa,ka | Gk,Kappa,
λ,lambda,,lambda,lambda,,lambda | lamda | lam | fun,la | Gl,Lambda,
μ,mu,,mu,mu,,,m | mu | Gm,Mu,
ν,nu,,nu,nu,,,nu | Gn,Nu,
ξ,xi,,xi,xi,,,xi | Gx,Xi,
ο,omicron,,omicron,omicron,,omicron,,Omicron,
π,pi,,pi,pi,,,pi,Pi,
ρ,rho,,rho,rho,,rho,rh | Gr,Rho,
ς,varsigma,,varsigma,sigma.alt,,vsi | varsigma,,FinalSigma,
σ,sigma,,sigma,sigma,,sigma,si | Gs,Sigma,
τ,tau,,tau,tau,,tau,ta | Gt,Tau,
υ,upsilon,,upsilon,upsilon,,upsilon,Gu,Upsilon,
φ,varphi,,varphi,phi,,phi | straightphi,ph | Gf,CurlyPhi,
χ,chi,,chi,chi,,chi,c | ch | Gc,Chi,
ψ,psi,,psi,psi,,psi,ps | Gp,Psi,
ω,omega,,omega,omega,,omega,om | Go,Omega,
ϐ,,,,beta.alt,,varbeta,,,
ϑ,vartheta,,vartheta,theta.alt,,vartheta,,CurlyTheta,
ϕ,phi,,phi,phi.alt,,varphi,,Phi,
ϖ,varpi,,varpi,pi.alt,,varpi,,CurlyPi,
ϗ,,,,,,varkai,,,
Ϛ,,,,,,Stigma,,CapitalStigma,
ϛ,,,,,,stigma,,Stigma,
Ϝ,upDigamma,,,Digamma,,Digamma,,CapitalDigamma,
ϝ,updigamma,,digamma,digamma,,digamma,,Digamma,
Ϟ,,,,,,Koppa,,CapitalKoppa,
ϟ,,,,,,koppa,,Koppa,
Ϡ,,,,,,Sampi,,CapitalSampi,
ϡ,,,,,,sampi,,Sampi,
Ϣ,,,,,,Shei,,,
ϣ,,,,,,shei,,,
Ϥ,,,,,,Fei,,,
ϥ,,,,,,fei,,,
Ϧ,,,,,,Khei,,,
ϧ,,,,,,khei,,,
Ϩ,,,,,,Hori,,,
ϩ,,,,,,hori,,,
Ϫ,,,,,,Gangia,,,
ϫ,,,,,,gangia,,,
Ϭ,,,,,,Shima,,,
ϭ,,,,,,shima,,,
Ϯ,,,,,,Dei,,,
ϯ,,,,,,dei,,,
ϰ,varkappa,,varkappa,kappa.alt,,varkappa,,CurlyKappa,
ϱ,varrho,,varrho,rho.alt,,varrho,,CurlyRho,
ϴ,varTheta,,,Theta.alt,,,,,
ϵ,epsilon,,epsilon,epsilon.alt,,,,Epsilon,
϶,upbackepsilon,,,epsilon.alt.rev,,,,,
Ϸ,,,,,,Sho,,,
ϸ,,,,,,sho,,,
Ϻ,,,,,,San,,,
ϻ,,,,,,san,,,
Ш,,,,Sha,,,,,
ш,,,,sha,,,,,
֏,,,,dram,,,,,
א,,,,aleph,,,,,
ב,,,,beth,,,,,
ג,,,,gimel,,,,,
ד,,,,daleth,,,,,
؋,,,,afghani,,,,,
߾,,,,dorome,,,,,
߿,,,,taman,,,,,
৳,,,,taka,,,,,
௹,,,,rupee.tamil,,,,,
฿,,,,baht,,textbaht,,,
ᗮ,,,,,,^perp | ^bot,,,
៛,,,,riel,,,,,
ᴀ,,tsca,,,,,,,
ᴄ,,tscc,,,,,,,
ᴅ,,tscd,,,,,,,
ᴇ,,tsce,,,,,,,
ᴊ,,tscj,,,,,,,
ᴋ,,tsck,,,,,,,
ᴍ,,tscm,,,,,,,
ᴏ,,tsco,,,,,,,
ᴘ,,tscp,,,,,,,
ᴛ,,tsct,,,,,,,
ᴜ,,tscu,,,,,,,
ᴠ,,tscv,,,,,,,
ᴡ,,tscw,,,,,,,
ᴢ,,tscz,,,,,,,
ᴬ,,^A,,,,,^A,,
ᴭ,,,,,,^Ae,,,
ᴮ,,^B,,,,,^B,,
ᴯ,,,,,,^Bbarred,,,
ᴰ,,^D,,,,,^D,,
ᴱ,,^E,,,,,^E,,
ᴲ,,,,,,^Ereversed,,,
ᴳ,,^G,,,,,^G,,
ᴴ,,^H,,,,,^H,,
ᴵ,,^I,,,,,^I,,
ᴶ,,^J,,,,,^J,,
ᴷ,,^K,,,,,^K,,
ᴸ,,^L,,,,,^L,,
ᴹ,,^M,,,,,^M,,
ᴺ,,^N,,,,,^N,,
ᴻ,,,,,,^Nreversed,,,
ᴼ,,^O,,,,,^O,,
ᴽ,,,,,,^Ou,,,
ᴾ,,^P,,,,,^P,,
ᴿ,,^R,,,,,^R,,
ᵀ,,^T,,,,,^T,,
ᵁ,,^U,,,,,^U,,
ᵂ,,^W,,,,,^W,,
ᵃ,,^a,,,,,^a,,
ᵄ,,,,,,^turneda,,,
ᵅ,,^alpha,,,,^alpha,,,
ᵆ,,,,,,^turnedae,,,
ᵇ,,^b,,,,,^b,,
ᵈ,,^d,,,,,^d,,
ᵉ,,^e,,,,,^e,,
ᵊ,,,,,,^schwa,,,
ᵋ,,^epsilon,,,,^eopen,,,
ᵌ,,,,,,^turnede,,,
ᵍ,,^g,,,,,^g,,
ᵎ,,,,,,^turnedi,,,
ᵏ,,^k,,,,,^k,,
ᵐ,,^m,,,,,^m,,
ᵑ,,,,,,^eng,,,
ᵒ,,^o,,,,,^o,,
ᵓ,,,,,,^oopen,,,
ᵔ,,,,,,^otop,,,
ᵕ,,,,,,^obottom,,,
ᵖ,,^p,,,,,^p,,
ᵗ,,^t,,,,,^t,,
ᵘ,,^u,,,,,^u,,
ᵙ,,,,,,^usideways,,,
ᵚ,,,,,,^turnedm,,,
ᵛ,,^v,,,,,^v,,
ᵜ,,,,,,^ain,,,
ᵝ,,^beta,,,,^beta,,,
ᵞ,,^gamma,,,,^vargamma,,,
ᵟ,,^delta,,,,,,,
ᵠ,,^varphi,,,,^varphi,,,
ᵡ,,^chi,,,,^chi,,,
ᵢ,,_i,,,,,_i,,
ᵣ,,_r,,,,,_r,,
ᵤ,,_u,,,,,_u,,
ᵥ,,_v,,,,,_v,,
ᵦ,,_beta,,,,,,,
ᵧ,,_gamma,,,,,,,
ᵨ,,_rho,,,,,,,
ᵩ,,_varphi,,,,,,,
ᵪ,,_chi,,,,,,,
ᶛ,,,,,,^turnedalpha,,,
ᶜ,,^c,,,,compl | complement,^c,,
ᶝ,,,,,,^ccurl,,,
ᶞ,,,,,,^eth,,,
ᶟ,,,,,,^ereversedopen,,,
ᶠ,,^f,,,,,^f,,
ᶢ,,,,,,^gscript,,,
ᶣ,,,,,,^turnedh,,,
ᶤ,,,,,,^istroke,,,
ᶥ,,^iota,,,,^iota,,,
ᶦ,,,,,,^Ismall,,,
ᶧ,,,,,,^Istroke,,,
ᶨ,,,,,,^jtail,,,
ᶩ,,,,,,^lretroflexhook,,,
ᶪ,,,,,,^lhook,,,
ᶫ,,,,,,^Lsmall,,,
ᶬ,,,,,,^mhook,,,
ᶭ,,,,,,^turnedmleg,,,
ᶮ,,,,,,^nlefthook,,,
ᶯ,,,,,,^nretroflexhook,,,
ᶰ,,,,,,^Nsmall,,,
ᶱ,,,,,,^obarred,,,
ᶲ,,^phi,,,,^phi,,,
ᶳ,,,,,,^shook,,,
ᶴ,,,,,,^esh,,,
ᶵ,,,,,,^twithpalatalhook,,,
ᶶ,,,,,,^ubar,,,
ᶷ,,,,,,^upsilon,,,
ᶸ,,,,,,^Usmall,,,
ᶹ,,,,,,^vhook,,,
ᶺ,,,,,,^turnedv,,,
ᶻ,,^z,,,,,^z,,
ᶼ,,,,,,^zretroflexhook,,,
ᶽ,,,,,,^zcurl,,,
ᶾ,,,,,,^ezh,,,
ᶿ,,^theta,,,,^theta,,,
‐,,hyphen,,hyph,,,,Hyphen,
‑,,,,hyph.nobreak,,,,,
‒,,,,dash.fig,,,,,
–,,,textendash,dash.en,,,en,Dash,
—,,,textemdash,dash.em,,,em,LongDash,
―,horizbar,,,bar.h,,,,,
‖,Vert,,,bar.v.double,||,fuzzy | Vert,||,,
‗,twolowline,,,,,,,,
‘,,,textquoteleft,quote.l.single,,grq,lq,OpenCurlyQuote,
’,,,textquoteright,quote.r.single,,,rq,CloseCurlyQuote,
‚,,,,quote.low.single,,glq,,,
‛,,,,quote.high.single,,,,,
“,,,textquotedblleft,quote.l.double,,ldq | grqq,,OpenCurlyDoubleQuote,
”,,,textquotedblright,quote.r.double,,rdq,,CloseCurlyDoubleQuote,
„,,,,quote.low.double,,glqq,,,
‟,,,,quote.high.double,,,,,
†,dagger,,dag | dagger | textdagger,dagger,,dagger | dag,,Dagger,
‡,ddagger,,ddag | ddagger | textdaggerdbl,dagger.double,,ddagger | ddag,,DoubleDagger,
•,smblkcircle | bullet,,,bullet,,smul | bub,bu,,
‣,,,,bullet.tri,,but,,,
‥,enleadertwodots,,,,,,,,
…,unicodeellipsis | ldots,,ldots | mathellipsis | textellipsis,dots.h,...,ldots,,Ellipsis,
‧,,,,hyph.point,,,,,
‰,,,,permille,,permil,,,
‱,,,,permyriad,,textpertenthousand,,,
′,prime,,prime,prime,,prime | varprime,,Prime,
″,dprime,,,prime.double,,,,DoublePrime,
‴,trprime,,,prime.triple,,,,,
‵,backprime,,backprime,prime.rev,,backprime,,ReversePrime,
‶,backdprime,,,prime.double.rev,,,,ReverseDoublePrime,
‷,backtrprime,,,prime.triple.rev,,,,,
‸,caretinsert,,,caret,,,,,
‹,,,,quote.chevron.l.single,,flq,f<,,
›,,,,quote.chevron.r.single,,frq,f>,,
※,,,,refmark,,textreferencemark,,,
‼,Exclam,,,excl.double,,,!!,,
‽,,,,interrobang,,textinterrobang,?!,,
‿,,,,,,undertie,,,
⁀,tieconcat,,,,,tie,,,
⁂,,,,ast.triple,,,,,
⁃,hyphenbullet,,,bullet.hyph,,,,SkeletonIndicator,
⁄,fracslash,,,,,textfractionsolidus,,,
⁅,,,,,,textlquill | liel | bracketl,[-,,
⁆,,,,,,textrquill | lier | bracketr,-],,
⁇,Question,,,quest.double,,,??,,
⁈,,,,quest.excl,,,,,
⁉,,,,excl.quest,,,!?,,
⁋,,,,pilcrow.rev,,,,,
⁌,,,,bullet.l,,,,,
⁍,,,,bullet.r,,,,,
⁎,,,,ast.low,,asterisk,,,
⁏,,,,semi.rev,,,,,
⁐,closure,,,,,,,,
⁑,,,,ast.double,,,,,
⁒,,,,,,textdiscount,,,
⁗,qprime,,,prime.quad,,,,,
⁝,,,,colon.tri,,,,,
⁰,,^0,,,,,^0,,
ⁱ,,^i,,,,,^i,,
⁴,,^4,,,,,^4,,
⁵,,^5,,,,,^5,,
⁶,,^6,,,,,^6,,
⁷,,^7,,,,,^7,,
⁸,,^8,,,,,^8,,
⁹,,^9,,,,,^9,,
⁺,,^+,,,,,^+,,
⁻,,^-,,,,,^-,,
⁼,,^=,,,,,^=,,
⁽,,^(,,,,,^(,,
⁾,,^),,,,,^),,
ⁿ,,^n,,,,,^n,,
₀,,_0,,,,,0 | _0,,
₁,,_1,,,,,1 | _1,,
₂,,_2,,,,,2 | _2,,
₃,,_3,,,,,3 | _3,,
₄,,_4,,,,,4 | _4,,
₅,,_5,,,,,5 | _5,,
₆,,_6,,,,,6 | _6,,
₇,,_7,,,,,7 | _7,,
₈,,_8,,,,,8 | _8,,
₉,,_9,,,,,9 | _9,,
₊,,_+,,,,,_+,,
₋,,_-,,,,,_-,,
₌,,_=,,,,,_=,,
₍,,_(,,,,,_(,,
₎,,_),,,,,_),,
ₐ,,_a,,,,,_a,,
ₑ,,_e,,,,,_e,,
ₒ,,_o,,,,,_o,,
ₓ,,_x,,,,,_x,,
ₕ,,_h,,,,,_h,,
ₖ,,_k,,,,,_k,,
ₗ,,_l,,,,,_l,,
ₘ,,_m,,,,,_m,,
ₙ,,_n,,,,,_n,,
ₚ,,_p,,,,,_p,,
ₛ,,_s,,,,,_s,,
ₜ,,_t,,,,,_t,,
₡,,,,colon.currency,,textcolonmonetary | colon,,,
₢,,,,,,cruzeiro,,,
₤,,,,,,textlira | lira,,,
₥,,,,,,mill,,,
₦,,,,naira,,naira | textnaira,,,
₧,,,,,,peseta,,,
₨,,,,rupee.generic,,rupee,,,
₩,,,,won,,textwon | won,,,
₪,,,,shekel,,,,,
₫,,,,dong,,dong,,,
€,euro,,,euro,,euro,,,
₭,,,,kip,,kip,,,
₮,,,,togrog,,tugrik,,,
₯,,,,,,drachma,,,
₱,,,,peso.philippine,,textpeso | peso,,,
₲,,,,guarani,,guarani,,,
₳,,,,,,austral,,,
₴,,,,hryvnia,,hryvnia,,,
₵,,,,cedi,,cedi,,,
₷,,,,,,spesmilo,,,
₸,,,,tenge,,tenge,,,
₹,,,,rupee.indian,,,,,
₺,,,,lira,,,,,
₼,,,,manat,,manat,,,
₽,,,,ruble,,ruble,,,
₾,,,,lari,,lari,,,
₿,,,,bitcoin,,,,,
⃀,,,,som,,,,,
⃐,leftharpoonaccent | overleftharpoon,,,,,,,,
⃑,rightharpoonaccent | overrightharpoon,,,,,,,,
⃒,vertoverlay,,,,,,,,
⃖,overleftarrow,,,,,,,,
⃗,overrightarrow | vec,,vec,,,,,,
⃛,dddot,,,dot.triple,,,,,
⃜,ddddot,,,dot.quad,,,,,
⃝,enclosecircle,,,,,,,,
⃞,enclosesquare,,,,,,,,
⃟,enclosediamond,,,,,,,,
⃡,overleftrightarrow,,,,,,,,
⃤,enclosetriangle,,,,,,,,
⃧,annuity,,,,,,,,
⃨,threeunderdot,,,,,,,,
⃩,widebridgeabove,,,,,,,,
⃬,underrightharpoondown,,,,,,,,
⃭,underleftharpoondown,,,,,,,,
⃮,underleftarrow,,,,,,,,
⃯,underrightarrow,,,,,,,,
⃰,asteraccent,,,,,,,,
ℂ,BbbC,,,CC,,Com | com | bbC,C | bc,,
℃,,,,,,celsius,,,
℅,,,,co,,,,,
ℇ,Eulerconst,,,,,,,,
ℊ,mscrg,,,,,Mcg,,ScriptG,
ℋ,mscrH,,,,,McH,,ScriptCapitalH,
ℌ,mfrakH,,,,,MfH,,GothicCapitalH,
ℍ,BbbH,,,HH,,bbH,H,,
ℎ,Planckconst,,,,,,,,
ℏ,hslash,,hbar | hslash,,,hbar,,HBar,
ℐ,mscrI,,,,,mathscr{I} | McI,,ScriptCapitalI,
ℑ,Im,,Im,Im,,MfI,Im,GothicCapitalI,
ℒ,mscrL,,,,,McL,,ScriptCapitalL,
ℓ,ell,,ell,ell,,ell,,ScriptL,
ℕ,BbbN,,,NN,,nat | Nat | bbN,N | bn,,
№,,,,numero,,numero | textnumero,,,
℗,,,,copyright.sound,,textcircledP,,,
℘,wp,,wp,pee,,,wp,WeierstrassP,
ℙ,BbbP,,,PP,,bbP,bp,,
ℚ,BbbQ,,,QQ,,rat | Rat | bbQ,Q | bq,,
ℛ,mscrR,,,,,McR,,ScriptCapitalR,
ℜ,Re,,Re,Re,,MfR,Re,GothicCapitalR,
ℝ,BbbR,,,RR,,real | Real | bbR,R | br,,
℞,,,,,,textrecipe,,,
℠,,,,trademark.service,,^SM,,,
℡,,,,,,telephone | ^TEL,,,
™,,,,trademark,,^TM,,Trademark,
ℤ,BbbZ,,,ZZ,,int | Int | bbZ,Z | bz,,
℥,,,,,,ounce,,,
Ω,,,,,,ohm,,,
℧,mho,,mho,Omega.inv,,mho,,Mho,
ℨ,mfrakZ,,,,,MfZ,,GothicCapitalZ,
℩,turnediota,,,iota.inv,,,,,
K,,,,,,kelvin,,,
Å,Angstrom,,,,,angstrom,,Angstrom,
ℬ,mscrB,,,,,McB,,ScriptCapitalB,
ℭ,mfrakC,,,,,MfC,,GothicCapitalC,
℮,,,,,,textestimated,,,
ℯ,mscre,,,,,Mce,,ScriptE,
ℰ,mscrE,,,,,McE,,ScriptCapitalE,
ℱ,mscrF,,,,,McF,,ScriptCapitalF,
Ⅎ,Finv,,Finv,,,,,,
ℳ,mscrM,,,,,McM,,ScriptCapitalM,
ℴ,mscro,,,,,Mco,,ScriptO,
ℵ,aleph,,aleph,,,aleph,,Aleph,
ℶ,beth,,beth,,,beth,,Bet,
ℷ,gimel,,gimel,,,gimel,,Gimel,
ℸ,daleth,,daleth,,,daleth,,Dalet,
℻,,,,,,facsimile,,,
ℼ,Bbbpi,,,,,,,,
ℽ,Bbbgamma,,,,,,,,
ℾ,BbbGamma,,,,,,,,
ℿ,BbbPi,,,,,,,,
⅀,Bbbsum,,,,,bsum,,,
⅁,Game,,Game,,,,,,
⅂,sansLturned,,,,,,,,
⅃,sansLmirrored,,,,,,,,
⅄,Yup,,,,,,,,
ⅅ,mitBbbD,,,,,,,,
ⅆ,mitBbbd,,,,,,,,
ⅇ,mitBbbe,,,,,,,,
ⅈ,mitBbbi,,,,,,,,
ⅉ,mitBbbj,,,,,,,,
⅊,PropertyLine,,,,,,,,
⅋,upand,,,amp.inv,,,&,,
⅌,,,,,,per,,,
⅓,,,,,,frac13,,,
⅔,,,,,,frac23,,,
⅕,,,,,,frac15,,,
⅖,,,,,,frac25,,,
⅗,,,,,,frac35,,,
⅘,,,,,,frac45,,,
⅙,,,,,,frac16,,,
⅚,,,,,,frac56,,,
⅛,,,,,,frac18,,,
⅜,,,,,,frac38,,,
⅝,,,,,,frac58,,,
⅞,,,,,,frac78,,,
⅟,,,,,,frac1,,,
←,leftarrow | gets,<-,gets | leftarrow,arrow.l,<-,leftarrow | gets,l | l- | <-,LeftArrow,
↑,uparrow,,uparrow,arrow.t,,coe | uparrow,u | u-,UpArrow,
→,to | rightarrow,->,rightarrow | to,arrow.r,->,imp | rightarrow,r | -> | to | r-,RightArrow,->
↓,downarrow,,downarrow,arrow.b,,downarrow,d | d-,DownArrow,
↔,leftrightarrow,,leftrightarrow,arrow.l.r,<->,iff | leftrightarrow | lr-,lr | <->,LeftRightArrow,<->
↕,updownarrow,,updownarrow,arrow.t.b,,ud- | updownarrow,ud,UpDownArrow,
↖,nwarrow,,nwarrow,arrow.tl,,nwarrow | ul-,ul,UpperLeftArrow,
↗,nearrow,,nearrow,arrow.tr,,nearrow | ur-,ur,UpperRightArrow,
↘,searrow,,searrow,arrow.br,,dr- | searrow,dr,LowerRightArrow,
↙,swarrow,,swarrow,arrow.bl,,dl- | swarrow,dl,LowerLeftArrow,
↚,nleftarrow,,nleftarrow,arrow.l.not,,nleftarrow | l-n | <-n,,,
↛,nrightarrow,,nrightarrow,arrow.r.not,,nrightarrow | ->n | r-n,,,
↜,leftwavearrow,,,arrow.l.wave,,,l~,,
↝,rightwavearrow,,,arrow.r.wave,,leadsto,r~,,
↞,twoheadleftarrow,,twoheadleftarrow,arrow.l.twohead,<<-,twoheadleftarrow | ll-,,,
↟,twoheaduparrow,,,arrow.t.twohead,,uu-,,,
↠,twoheadrightarrow,,twoheadrightarrow,arrow.r.twohead,->>,twoheadrightarrow | rr-,,,
↡,twoheaddownarrow,,,arrow.b.twohead,,dd-,,,
↢,leftarrowtail,,leftarrowtail,arrow.l.tail,<-<,leftarrowtail | l->,,,
↣,rightarrowtail,,rightarrowtail,arrow.r.tail,>->,r-> | rightarrowtail,pr,,
↤,mapsfrom,,,arrow.l.bar | mapsfrom,,l-|,,LeftTeeArrow,
↥,mapsup,,,arrow.t.bar,,u-|,,UpTeeArrow,
↦,mapsto,,mapsto,arrow.r.bar | mapsto,|->,mapsto | r-|,ma | |->,RightTeeArrow,
↧,mapsdown,,,arrow.b.bar,,d-|,,DownTeeArrow,
↨,updownarrowbar,,,,,ud-|,,,
↩,hookleftarrow,,hookleftarrow,arrow.l.hook,,hookleftarrow,,,
↪,hookrightarrow,,hookrightarrow,arrow.r.hook,,hookrightarrow,,,
↫,looparrowleft,,looparrowleft,arrow.l.loop,,looparrowleft,,,
↬,looparrowright,,looparrowright,arrow.r.loop,,looparrowright,,,
↭,leftrightsquigarrow,,leftrightsquigarrow,arrow.l.r.wave,,leftrightsquigarrow | lr~,,,
↮,nleftrightarrow,,nleftrightarrow,arrow.l.r.not,,nleftrightarrow | lr-n | <->n,,,
↯,downzigzagarrow,,,arrow.zigzag,,,dz,,
↰,Lsh,,Lsh,,,Lsh,,,
↱,Rsh,,Rsh,,,Rsh,,,
↲,Ldsh,,,,,,,,
↳,Rdsh,,,,,,,,
↴,linefeed,,,,,,,,
↵,carriagereturn,,,,,,,ReturnIndicator,
↶,curvearrowleft,,curvearrowleft,arrow.ccw.half,,curvearrowleft,,,
↷,curvearrowright,,curvearrowright,arrow.cw.half,,curvearrowright,,,
↸,barovernorthwestarrow,,,,,,,,
↹,barleftarrowrightarrowbar,,,arrows.lr.stop,,,,,
↺,acwopencirclearrow,,circlearrowleft,arrow.ccw,,circlearrowleft,,,
↻,cwopencirclearrow,,circlearrowright,arrow.cw,,circlearrowright,,,
↼,leftharpoonup,,leftharpoonup,harpoon.lt,,leftharpoonup,,LeftVector,
↽,leftharpoondown,,leftharpoondown,harpoon.lb,,leftharpoondown,,DownLeftVector,
↾,upharpoonright,,restriction | upharpoonright,harpoon.tr,,uprightharpoon,,RightUpVector,
↿,upharpoonleft,,upharpoonleft,harpoon.tl,,upleftharpoon,,LeftUpVector,
⇀,rightharpoonup,,rightharpoonup,harpoon.rt,,rightharpoonup,,RightVector,
⇁,rightharpoondown,,rightharpoondown,harpoon.rb,,rightharpoondown,,DownRightVector,
⇂,downharpoonright,,downharpoonright,harpoon.br,,downrightharpoon,,RightDownVector,
⇃,downharpoonleft,,downharpoonleft,harpoon.bl,,downleftharpoon,,LeftDownVector,
⇄,rightleftarrows,,rightleftarrows,arrows.rl,,r-l- | rightleftarrows,,RightArrowLeftArrow,
⇅,updownarrows,,,arrows.tb,,u-d-,,UpArrowDownArrow,
⇆,leftrightarrows,,leftrightarrows,arrows.lr,,leftrightarrows | l-r-,,LeftArrowRightArrow,
⇇,leftleftarrows,,leftleftarrows,arrows.ll,,leftleftarrows | l-2,,,
⇈,upuparrows,,upuparrows,arrows.tt,,u-2 | upuparrows,,,
⇉,rightrightarrows,,rightrightarrows,arrows.rr,,r-2 | rightrightarrows,,,
⇊,downdownarrows,,downdownarrows,arrows.bb,,downdownarrows | d-2,,,
⇋,leftrightharpoons,,leftrightharpoons,harpoons.ltrb,,leftrightharpoons,,ReverseEquilibrium,
⇌,rightleftharpoons,,rightleftharpoons,harpoons.rtlb,,rightleftharpoons,,Equilibrium,
⇍,nLeftarrow,,nLeftarrow,arrow.l.double.not,,nLeftarrow | l=n,,,
⇎,nLeftrightarrow,,nLeftrightarrow,arrow.l.r.double.not,,nLeftrightarrow | lr=n | <=>n,,,
⇏,nRightarrow,,nRightarrow,arrow.r.double.not,,nRightarrow | =>n | r=n,,,
⇐,Leftarrow,,Leftarrow,arrow.l.double,,Leftarrow | Longleftarrow,l=,DoubleLeftArrow,
⇑,Uparrow,,Uparrow,arrow.t.double,,Uparrow,u=,DoubleUpArrow,
⇒,To | Rightarrow,,Rightarrow,arrow.r.double,=>,Longrightarrow | Rightarrow,=> | r=,DoubleRightArrow,=>
⇓,Downarrow,,Downarrow,arrow.b.double,,Downarrow,d=,DoubleDownArrow,
⇔,Leftrightarrow,,Leftrightarrow,arrow.l.r.double,<=>,lr= | Leftrightarrow | Longleftrightarrow | bihimp,<=>,DoubleLeftRightArrow,<=>
⇕,Updownarrow,,Updownarrow,arrow.t.b.double,,ud= | Updownarrow,,DoubleUpDownArrow,
⇖,Nwarrow,,,arrow.tl.double,,ul=,,,
⇗,Nearrow,,,arrow.tr.double,,ur=,,,
⇘,Searrow,,,arrow.br.double,,dr=,,,
⇙,Swarrow,,,arrow.bl.double,,dl=,,,
⇚,Lleftarrow,,Lleftarrow,arrow.l.triple,,l== | Lleftarrow,,,
⇛,TO | Rrightarrow,,Rrightarrow,arrow.r.triple,,r== | Rrightarrow,,,
⇜,leftsquigarrow,,,arrow.l.squiggly,<~,,,,
⇝,rightsquigarrow,,leadsto | rightsquigarrow,arrow.r.squiggly,~>,squigarrowright,,,
⇞,nHuparrow,,,arrow.t.dstruck,,,,,
⇟,nHdownarrow,,,arrow.b.dstruck,,,,,
⇠,leftdasharrow,,dashleftarrow,arrow.l.dashed,,,,,
⇡,updasharrow,,,arrow.t.dashed,,,,,
⇢,rightdasharrow,,dashrightarrow,arrow.r.dashed,,,,,
⇣,downdasharrow,,,arrow.b.dashed,,,,,
⇤,barleftarrow,,,arrow.l.stop,,,,LeftArrowBar,
⇥,rightarrowbar,,,arrow.r.stop,,,,RightArrowBar,
⇦,leftwhitearrow,,,arrow.l.stroked,,,,,
⇧,upwhitearrow,,,arrow.t.stroked,,,,,
⇨,rightwhitearrow,,,arrow.r.stroked,,heyting | himp,,,
⇩,downwhitearrow,,,arrow.b.stroked,,,,,
⇪,whitearrowupfrombar,,,,,,,,
⇰,,,,,,,|=>,,
⇳,,,,arrow.t.b.stroked,,,,,
⇴,circleonrightarrow,,,,,,,,
⇵,downuparrows,,,arrows.bt,,d-u-,,DownArrowUpArrow,
⇶,rightthreearrows,,,arrows.rrr,,r-3,,,
⇷,nvleftarrow,,,arrow.l.struck,,,,,
⇸,nvrightarrow,,,arrow.r.struck,,,,,
⇹,nvleftrightarrow,,,arrow.l.r.struck,,,,,
⇺,nVleftarrow,,,arrow.l.dstruck,,,,,
⇻,nVrightarrow,,,arrow.r.dstruck,,,,,
⇼,nVleftrightarrow,,,arrow.l.r.dstruck,,,,,
⇽,leftarrowtriangle,,,arrow.l.open,,,,,
⇾,rightarrowtriangle,,,arrow.r.open,,,,,
⇿,leftrightarrowtriangle,,,arrow.l.r.open,,,,,
∀,forall,,forall,forall,,all | forall,,ForAll,
∁,complement,,complement,complement,,complementprefix | Complement,,,
∂,partial,,partial,partial,,partial,pd,PartialD,
∃,exists,,exists,exists,,exists,ex,Exists,
∄,nexists,,nexists,exists.not,,nexists | exn,,NotExists,
∅,varnothing,,emptyset | varnothing,emptyset | emptyset.zero | nothing | nothing.zero,,emptyset | empty | varnothing,,EmptySet,
∆,increment,,,laplace,,increment | symmdiff,,,
∇,nabla,,nabla,gradient | nabla,,nabla,,Del,
∈,in,,in,in,,member | mem,in,Element,
∉,notin,,,in.not,,notin | nin | inn,,NotElement,
∊,smallin,,,in.small,,,,,
∋,ni,,ni | owns,in.rev,,,ni,ReverseElement,
∌,nni,,,in.rev.not,,nni,,NotReverseElement,
∍,smallni,,backepsilon,in.rev.small,,backepsilon,,SuchThat,
∎,QED,,,qed,,qed,,,
∏,prod,,prod,product,,prod,,Product,
∐,coprod,,coprod,product.co,,amalg | smallamalg | bigcoprod | sigmaobj,,Coproduct,
∑,sum,,sum,sum,,sum,,Sum,
−,minus,,,minus,-,minus,,,
∓,mp,,mp,minus.plus,,,mp,MinusPlus,
∔,dotplus,,dotplus,plus.dot,,dotplus,.+,,
∕,divslash,,,,,,,,
∖,smallsetminus,,setminus | smallsetminus,without,,smallsetminus,,Backslash,
∗,ast,,ast,ast.op | convolve,*,ast,,,
∘,vysmwhtcircle | circ,,circ,circle.stroked.tiny | compose,,comp | circ,o,SmallCircle,
∙,vysmblkcircle,,bullet,bullet.op | circle.filled.small,,span,,,
√,sqrt | surd,,surd,,,root | surd | sqrt,,Sqrt,
∛,cuberoot,,,,,surd3,,,
∜,fourthroot,,,,,surd4,,,
∝,propto,,propto | varpropto,prop,,propto | varpropto,,Proportional,
∞,infty,,infty,infinity | oo,,infty,,Infinity,
∟,rightangle,,,angle.right,,rightangle,,RightAngle,
∠,angle,,angle,angle,,angle,,Angle,
∡,measuredangle,,measuredangle,angle.arc,,measuredangle,,MeasuredAngle,
∢,sphericalangle,,sphericalangle,angle.spheric,,sphericalangle,,SphericalAngle,
∣,mid,,lvert | mid | rvert | shortmid | vert,divides,,dvd | mid | shortmid,|,Divides,
∤,nmid,,nmid,divides.not,,nmid | nshortmid,|n,,
∥,parallel,,Vert | lVert | parallel | rVert | shortparallel | textbardbl | |,parallel,,parallel,,DoubleVerticalBar,
∦,nparallel,,nparallel,parallel.not,,nparallel,,NotDoubleVerticalBar,
∧,wedge | land,,land | wedge,and,,and | wedge,an,And,
∨,vee | lor,,lor | vee,or,,vee,v | or,Or,
∩,cap,,cap,inter | inter.serif,,inter | intersection | cap,i,,
∪,cup,,cup,union | union.serif,,union | cup,un,,
∫,int,,int | intop | smallint,integral,,integral,,Integral,
∬,iint,,iint,integral.double,,,,,
∭,iiint,,iiint,integral.triple,,,,,
∮,oint,,oint,integral.cont,,oint,,ContourIntegral,
∯,oiint,,oiint,integral.surf,,oiint | tint,,DoubleContourIntegral,
∰,oiiint,,oiiint,integral.vol,,,,,
∱,intclockwise,,,integral.cw,,,,,
∲,varointclockwise,,,integral.cont.cw,,,,ClockwiseContourIntegral,
∳,ointctrclockwise,,,integral.cont.ccw,,,,CounterClockwiseContourIntegral,
∴,therefore,,therefore,therefore,,therefore,,Therefore,
∵,because,,because,because,,because,,Because,
∶,,ratio,,ratio,,,:,Colon,
∷,Colon,,,colon.double,,,::,Proportion,
∸,dotminus,,,minus.dot,,,.-,,
∹,dashcolon,,,dash.colon,,,-:,,
∺,dotsminusdots,,,,,,::-,,
∻,kernelcontraction,,,,,,:~,,
∼,sim,,sim | thicksim,tilde.op,~,homotopy | thicksim | sim,~,Tilde,
∽,backsim,,backsim,tilde.rev,,backsim,,,
∾,invlazys,,,,,,,,
∿,sinewave,,,,,,,,
≀,wr,,wr,wreath,,,wr,VerticalTilde,
≁,nsim,,nsim,tilde.not,,nsim,~n,NotTilde,
≂,eqsim,,eqsim,minus.tilde,,,-~,EqualTilde,
≃,simeq | sime,,simeq,tilde.eq,,equiv | simeq,~-,TildeEqual,
≄,nsime | nsimeq,,,tilde.eq.not,,nsimeq | ~-n,,NotTildeEqual,
≅,cong,,cong,tilde.equiv,,iso | cong,~=,TildeFullEqual,
≆,simneqq,,ncong,tilde.nequiv,,,,,
≇,ncong,,,tilde.equiv.not,,ncong | ~=n,,NotTildeFullEqual,
≈,approx,,approx | thickapprox,approx,,approx | thickapprox,~~,TildeTilde,
≉,napprox,,,approx.not,,napprox | ~~n,,NotTildeTilde,
≊,approxeq,,approxeq,approx.eq,,approxeq,~~-,,
≋,approxident,,,tilde.triple,,,~~~,,
≌,backcong,,,tilde.rev.equiv,,backcong,,,
≍,asymp,,asymp,asymp,,asymp | heq,,CupCap,
≎,Bumpeq,,Bumpeq,,,Bumpeq,,HumpDownHump,
≏,bumpeq,,bumpeq,,,bumpeq,,HumpEqual,
≐,doteq,,doteq,eq.dot,,doteq,.=,DotEqual,
≑,Doteq,,Doteq | doteqdot,eq.dots,,doteqdot,.=.,,
≒,fallingdotseq,,fallingdotseq,eq.dots.down,,fallingdotseq,,,
≓,risingdotseq,,risingdotseq,eq.dots.up,,risingdotseq,,,
≔,coloneq,,,colon.eq,:=,coloneq,:=,,
≕,eqcolon,,,eq.colon,=:,eqcolon,=:,,
≖,eqcirc,,eqcirc,,,eqcirc,,,
≗,circeq,,circeq,,,circeq,=o,,
≘,arceq,,,,,,(=,,
≙,wedgeq,,,eq.est,,and= | defs,,,
≚,veeeq,,,eq.equi,,or=,,,
≛,stareq,,,eq.star,,,*=,,
≜,triangleq,,triangleq,eq.delta,,triangleq,t=,,
≝,eqdef,,,eq.def,,def=,,,
≞,measeq,,,eq.m,,,m=,,
≟,questeq,,,eq.quest,,,?=,,
≠,ne,,,eq.not,!=,neq | eqn,ne | =n,NotEqual,!=
≡,equiv,,equiv,eq.triple | equiv,,,==,Congruent,
≢,nequiv,,,eq.triple.not | equiv.not,,nequiv | ==n,,NotCongruent,
≣,Equiv,,,eq.quad,,,===,,
≤,leq | le,,le | leq,lt.eq,<=,leqslant | leq,le | <=,LessEqual,<=
≥,geq | ge,,ge | geq,gt.eq,>=,geqslant | geq,ge | >=,GreaterEqual,>=
≦,leqq,,leqq,lt.equiv,,leqq,,LessFullEqual,
≧,geqq,,geqq,gt.equiv,,geqq,,GreaterFullEqual,
≨,lneqq,,lneqq,lt.nequiv,,lneqq | lneq | lvertneqq,,NotLessFullEqual,
≩,gneqq,,gneqq,gt.nequiv,,gneqq | gneq | gvertneqq,,NotGreaterFullEqual,
≪,ll,,ll,lt.double,<<,,ll,LessLess,
≫,gg,,gg,gt.double,>>,,gg,GreaterGreater,
≬,between,,between,,,between,,,
≭,nasymp,,,asymp.not,,,,NotCupCap,
≮,nless,,nless,lt.not,,notlt | nless,,NotLess,
≯,ngtr,,ngtr,gt.not,,ngtr,>n,NotGreater,
≰,nleq,,nleq,lt.eq.not,,nleqq | nleqslant | nleq | leqn | len | <=n,,NotLessEqual,
≱,ngeq,,ngeq,gt.eq.not,,ngeqq | ngeqslant | ngeq | geqn | gen | >=n,,NotGreaterEqual,
≲,lesssim,,lesssim,lt.tilde,,lessapprox | lesssim,<~,LessTilde,
≳,gtrsim,,gtrsim,gt.tilde,,gtrapprox | gtrsim,>~,GreaterTilde,
≴,nlesssim,,,lt.tilde.not,,<~nn,,NotLessTilde,
≵,ngtrsim,,,gt.tilde.not,,>~nn,,NotGreaterTilde,
≶,lessgtr,,lessgtr,lt.gt,,lessgtr,,LessGreater,
≷,gtrless,,gtrless,gt.lt,,gtrless,,GreaterLess,
≸,nlessgtr,,,lt.gt.not,,,,NotLessGreater,
≹,ngtrless,,,gt.lt.not,,,,NotGreaterLess,
≺,prec,,prec,prec,,prec,,Precedes,
≻,succ,,succ,succ,,succ,,Succeeds,
≼,preccurlyeq,,preccurlyeq,prec.curly.eq,,preceq | curlypreceq,,PrecedesSlantEqual,
≽,succcurlyeq,,succcurlyeq,succ.curly.eq,,succcurlyeq | succeq,,SucceedsSlantEqual,
≾,precsim,,precsim,prec.tilde,,precapprox | precsim,,PrecedesTilde,
≿,succsim,,succsim,succ.tilde,,succapprox | succsim,,SucceedsTilde,
⊀,nprec,,nprec,prec.not,,nprec,,NotPrecedes,
⊁,nsucc,,nsucc,succ.not,,nsucc,,NotSucceeds,
⊂,subset,,subset,subset,,ssub | ssubset,,Subset,
⊃,supset,,supset,supset,,ssup | ssupset,,Superset,
⊄,nsubset,,,subset.not,,nsubset | ssubn,,NotSubset,
⊅,nsupset,,,supset.not,,nsupset | ssupn,,NotSuperset,
⊆,subseteq,,subseteq,subset.eq,,subseteqq | subseteq | subset | sub,ss,SubsetEqual,
⊇,supseteq,,supseteq,supset.eq,,supseteqq | supseteq | supset,,SupersetEqual,
⊈,nsubseteq,,nsubseteq,subset.eq.not,,nsubseteqq | nsubseteq | subn,,NotSubsetEqual,
⊉,nsupseteq,,nsupseteq,supset.eq.not,,nsupseteqq | nsupseteq | supn,,NotSupersetEqual,
⊊,subsetneq,,subsetneq,subset.neq,,subsetneqq | subsetneq,,,
⊋,supsetneq,,supsetneq,supset.neq,,supsetneqq | supsetneq,,,
⊌,cupleftarrow,,,union.arrow,,,,,
⊍,cupdot,,,union.dot,,,u.,,
⊎,uplus,,uplus,union.plus,,uplus,u+,UnionPlus,
⊏,sqsubset,,sqsubset,subset.sq,,ssqub | sqsubset,,SquareSubset,
⊐,sqsupset,,sqsupset,supset.sq,,ssqup | sqsupset,,SquareSuperset,
⊑,sqsubseteq,,sqsubseteq,subset.eq.sq,,squb | sqsubseteq,,SquareSubsetEqual,
⊒,sqsupseteq,,sqsupseteq,supset.eq.sq,,squp | sqsupseteq,,SquareSupersetEqual,
⊓,sqcap,,sqcap,inter.sq | inter.sq.serif,,inf | meet | glb | sqcap,,SquareIntersection,
⊔,sqcup,,sqcup,union.sq | union.sq.serif,,lub | sup | sqcup | join,,SquareUnion,
⊕,oplus,,oplus,plus.o | xor,,oplus,o+,CirclePlus,
⊖,ominus,,ominus,minus.o,,o-- | ominus,,CircleMinus,
⊗,otimes,,otimes,times.o,,otimes | tensorproduct,ox,CircleTimes,
⊘,oslash,,oslash,slash.o,,oslash,o/,,
⊙,odot,,odot,dot.o,,odot,o.,CircleDot,
⊚,circledcirc,,circledcirc,compose.o,,circledcirc,oo,,
⊛,circledast,,circledast,ast.op.o | convolve.o,,circledast,,,
⊜,circledequal,,,cc.nd | eq.o,,,o=,,
⊝,circleddash,,circleddash,dash.o,,circleddash,o-,,
⊞,boxplus,,boxplus,plus.square,,boxplus,b+,,
⊟,boxminus,,boxminus,minus.square,,boxminus,b-,,
⊠,boxtimes,,boxtimes,times.square,,boxtimes,bx,,
⊡,boxdot,,boxdot,dot.square,,dotsquare,b.,,
⊢,vdash,,vdash,tack.r,,entails | vdash | goal,|-,RightTee,
⊣,dashv,,dashv,tack.l,,dashv,-|,LeftTee,
⊤,top,,top,tack.b | top,,top,,DownTee,
⊥,bot,,bot | perp,bot | tack.t,,bot,,UpTee,
⊦,assert,,,tack.r.short,,,,,
⊧,models,,,models,,models,,,
⊨,vDash,,models | vDash,tack.r.double | tack.rr,,vDash,|=,DoubleRightTee,
⊩,Vdash,,Vdash,forces,,Vdash,||-,,
⊪,Vvdash,,Vvdash,,,Vvdash,|||-,,
⊫,VDash,,,,,,||=,,
⊬,nvdash,,nvdash,tack.r.not,,nvdash | |-n,,,
⊭,nvDash,,nvDash,tack.r.double.not | tack.rr.not,,nvDash | |=n,,,
⊮,nVdash,,nVdash,forces.not,,nVdash | ||-n,,,
⊯,nVDash,,nVDash,,,nVDash | ||=n,,,
⊰,prurel,,,,,,,,
⊱,scurel,,,,,,,,
⊲,vartriangleleft,,lhd | vartriangleleft,lt.closed | lt.tri,,vartriangleleft,,LeftTriangle,
⊳,vartriangleright,,rhd | vartriangleright,gt.closed | gt.tri,,vartriangleright,,RightTriangle,
⊴,trianglelefteq,,trianglelefteq | unlhd,lt.closed.eq | lt.tri.eq,,trianglelefteq,,LeftTriangleEqual,
⊵,trianglerighteq,,trianglerighteq | unrhd,gt.closed.eq | gt.tri.eq,,trianglerighteq,,RightTriangleEqual,
⊶,origof,,origof,original,,,,,
⊷,imageof,,imageof,image,,,,,
⊸,multimap,,multimap,multimap,,multimap | r-o,-o,,
⊹,hermitmatrix,,,,,,,,
⊺,intercal,,intercal,,,intercal,,,
⊻,veebar,,veebar,,,veebar,,Xor,
⊼,barwedge,,barwedge,,,barwedge,,Nand,
⊽,barvee,,,,,,,Nor,
⊾,measuredrightangle,,,angle.right.arc,,,,,
⊿,varlrtriangle,,,,,,,,
⋀,bigwedge,,bigwedge,and.big,,And | bigwedge,,Wedge,
⋁,bigvee,,bigvee,or.big,,bigvee,Or,Vee,
⋂,bigcap,,bigcap,inter.big,,Inter | bInter | bigcap,I,Intersection,
⋃,bigcup,,bigcup,union.big,,Union | bUnion | bigcup,U | Un,Union,
⋄,smwhtdiamond,,diamond,diamond.stroked.small,,diamond,,Diamond,
⋅,cdot,,cdot | cdotp | centerdot | u00b7,dot.op,,,,,
⋆,star,,star,star.op,,star,* | st,Star,
⋇,divideontimes,,divideontimes,times.div,,divideontimes,,,
⋈,bowtie,,Join | bowtie,bowtie.stroked,,bowtie,,,
⋉,ltimes,,ltimes,times.l,,ltimes,,,
⋊,rtimes,,rtimes,times.r,,rtimes,,,
⋋,leftthreetimes,,leftthreetimes,times.three.l,,leftthreetimes,,,
⋌,rightthreetimes,,rightthreetimes,times.three.r,,rightthreetimes,,,
⋍,backsimeq,,backsimeq,tilde.eq.rev,,backsimeq,,,
⋎,curlyvee,,curlyvee,or.curly,,curlyvee,,,
⋏,curlywedge,,curlywedge,and.curly,,curlywedge,,,
⋐,Subset,,Subset,subset.double,,Subset,,,
⋑,Supset,,Supset,supset.double,,Supset,,,
⋒,Cap,,Cap | doublecap,inter.double,,Cap,,,
⋓,Cup,,Cup | doublecup,union.double,,Cup,,,
⋔,pitchfork,,pitchfork,,,pitchfork,,,
⋕,equalparallel,,,parallel.eq,,,,,
⋖,lessdot,,lessdot,lt.dot,,covers | covby | lessdot,<:,,
⋗,gtrdot,,gtrdot,gt.dot,,gtrdot,:>,,
⋘,lll,,lll | llless,lt.triple,<<<,,Ll,,
⋙,ggg,,ggg | gggtr,gt.triple,>>>,ggg,,,
⋚,lesseqgtr,,lesseqgtr,lt.eq.gt,,lesseqgtr | lesseqqgtr,,LessEqualGreater,
⋛,gtreqless,,gtreqless,gt.eq.lt,,gtreqless | gtreqqless,,GreaterEqualLess,
⋜,eqless,,,eq.lt,,eqslantless,,,
⋝,eqgtr,,,eq.gt,,eqslantgtr,,,
⋞,curlyeqprec,,curlyeqprec,eq.prec,,curlyeqprec,,,
⋟,curlyeqsucc,,curlyeqsucc,eq.succ,,curlyeqsucc,,,
⋠,npreccurlyeq,,npreceq,prec.curly.eq.not,,npreceq,,NotPrecedesSlantEqual,
⋡,nsucccurlyeq,,nsucceq,succ.curly.eq.not,,nsucceq,,NotSucceedsSlantEqual,
⋢,nsqsubseteq,,,subset.eq.sq.not,,squbn,,NotSquareSubsetEqual,
⋣,nsqsupseteq,,,supset.eq.sq.not,,squpn,,NotSquareSupersetEqual,
⋤,sqsubsetneq,,,subset.sq.neq,,,,,
⋥,sqsupsetneq,,,supset.sq.neq,,,,,
⋦,lnsim,,lnsim,lt.ntilde,,lnapprox | lnsim | <~n,,,
⋧,gnsim,,gnsim,gt.ntilde,,gnapprox | gnsim | >~n,,,
⋨,precnsim,,precnsim,prec.ntilde,,precnapprox | precnsim,,NotPrecedesTilde,
⋩,succnsim,,succnsim,succ.ntilde,,succnapprox | succnsim,,NotSucceedsTilde,
⋪,nvartriangleleft,,ntriangleleft,lt.closed.not | lt.tri.not,,ntriangleleft,,NotLeftTriangle,
⋫,nvartriangleright,,ntriangleright,gt.closed.not | gt.tri.not,,ntriangleright,,NotRightTriangle,
⋬,ntrianglelefteq,,ntrianglelefteq,lt.closed.eq.not | lt.tri.eq.not,,ntrianglelefteq,,NotLeftTriangleEqual,
⋭,ntrianglerighteq,,ntrianglerighteq,gt.closed.eq.not | gt.tri.eq.not,,ntrianglerighteq,,NotRightTriangleEqual,
⋮,vdots,,varvdots,dots.v,,vdots,,VerticalEllipsis,
⋯,unicodecdots | cdots,,,dots.h.c,,cdots,...,CenterEllipsis,
⋰,adots,,,dots.up,,,,AscendingEllipsis,
⋱,ddots,,ddots,dots.down,,ddots,,DescendingEllipsis,
⋲,disin,,,,,,,,
⋳,varisins,,,,,,,,
⋴,isins,,,,,,,,
⋵,isindot,,,,,,,,
⋶,varisinobar,,,,,,,,
⋷,isinobar,,,,,,,,
⋸,isinvb,,,,,,,,
⋹,isinE,,,,,,,,
⋺,nisd,,,,,,,,
⋻,varnis,,,,,,,,
⋼,nis,,,,,,,,
⋽,varniobar,,,,,,,,
⋾,niobar,,,,,,,,
⋿,bagmember,,,,,,,,
⌀,diameter,,,diameter,,diameter,,Diameter,
⌂,house,,,,,,,,
⌃,,,,arrowhead.t,,,,,
⌄,,,,arrowhead.b,,,,,
⌅,varbarwedge,,,,,,,,
⌆,vardoublebarwedge,,,,,,,,
⌈,lceil,,lceil,ceil.l,,lceil | cuL,,LeftCeiling,
⌉,rceil,,rceil,ceil.r,,cuR | rceil,,RightCeiling,
⌊,lfloor,,lfloor,floor.l,,lfloor | clL,,LeftFloor,
⌋,rfloor,,rfloor,floor.r,,clR | rfloor,,RightFloor,
⌐,invnot,,,,,,,,
⌑,sqlozenge,,,,,,,,
⌒,profline,,,,,,,,
⌓,profsurf,,,,,,,,
⌗,viewdata,,,,,,,,
⌙,turnednot,,,,,,,,
⌜,ulcorner,,,corner.l.t,,ulcorner | cul,cu,,
⌝,urcorner,,,corner.r.t,,urcorner | cur,,,
⌞,llcorner,,,corner.l.b,,llcorner | cll,cl,,
⌟,lrcorner,,,corner.r.b,,lrcorner | clr,,,
⌠,inttop,,,,,,,,
⌡,intbottom,,,,,,,,
⌢,frown,,frown | smallfrown,frown,,frown,,Cap,
⌣,smile,,smallsmile | smile,smile,,smallsmile | smile,,Cup,
⌬,varhexagonlrbonds,,,,,,,,
⌲,conictaper,,,,,,,,
⌶,topbot,,,,,apl,,,
⌽,obar,,,,,,,,
⌿,APLnotslash,,,,,,,,
⍀,APLnotbackslash,,,,,,,,
⍓,APLboxupcaret,,,,,,,,
⍟,,,,,,,O*,,
⍰,APLboxquestion,,,,,,,,
⍼,rangledownzigzagarrow,,,angle.azimuth | angzarr,,,,,
⎔,hexagon,,,,,,,,
⎛,lparenuend,,,,,,,,
⎜,lparenextender,,,,,,,,
⎝,lparenlend,,,,,,,,
⎞,rparenuend,,,,,,,,
⎟,rparenextender,,,,,,,,
⎠,rparenlend,,,,,,,,
⎡,lbrackuend,,,,,,,,
⎢,lbrackextender,,,,,,,,
⎣,lbracklend,,,,,,,,
⎤,rbrackuend,,,,,,,,
⎥,rbrackextender,,,,,,,,
⎦,rbracklend,,,,,,,,
⎧,lbraceuend,,,,,,,,
⎨,lbracemid,,,,,,,,
⎩,lbracelend,,,,,,,,
⎪,vbraceextender,,,,,,,,
⎫,rbraceuend,,,,,,,,
⎬,rbracemid,,,,,,,,
⎭,rbracelend,,,,,,,,
⎮,intextender,,,,,,,,
⎯,harrowextender,,,,,,,,
⎰,lmoustache,,lmoustache,mustache.l,,,,,
⎱,rmoustache,,rmoustache,mustache.r,,,,,
⎲,sumtop,,,,,,,,
⎳,sumbottom,,,,,,,,
⎴,overbracket,,,bracket.t,,,,OverBracket,
⎵,underbracket,,,bracket.b,,,,UnderBracket,
⎶,bbrktbrk,,,,,,,,
⎷,sqrtbottom,,,,,,,,
⎸,lvboxline,,,,,,,,
⎹,rvboxline,,,,,,,,
⏎,varcarriagereturn,,,,,,,,
⏜,overparen,,,paren.t,,,,,
⏝,underparen,,,paren.b,,,,,
⏞,overbrace,,,brace.t,,,,,
⏟,underbrace,,,brace.b,,,,,
⏠,obrbrak,,,shell.t,,,,,
⏡,ubrbrak,,,shell.b,,,,,
⏢,trapezium,,,,,,,,
⏣,benzenr,,,,,,,,
⏤,strns,,,,,,,,
⏥,fltns,,,,,,,,
⏦,accurrent,,,,,,,,
⏧,elinters,,,,,,,,
⏻,,,,power.standby,,,,,
⏼,,,,power.on.off,,,,,
⏽,,,,power.on,,,,,
⏾,,,,power.sleep,,,,,
␀,,,,control.nul,,,,,
␁,,,,control.soh,,,,,
␂,,,,control.stx,,,,,
␃,,,,control.etx,,,,,
␄,,,,control.eot,,,,,
␅,,,,control.enq,,,,,
␆,,,,control.ack,,,,,
␇,,,,control.bel,,,,,
␈,,,,control.bs,,,,,
␉,,,,control.ht,,,,,
␊,,,,control.lf,,,,,
␋,,,,control.vt,,,,,
␌,,,,control.ff,,,,,
␍,,,,control.cr,,,,,
␎,,,,control.so,,,,,
␏,,,,control.si,,,,,
␐,,,,control.dle,,,,,
␑,,,,control.dc.one,,,,,
␒,,,,control.dc.two,,,,,
␓,,,,control.dc.three,,,,,
␔,,,,control.dc.four,,,,,
␕,,,,control.nak,,,,,
␖,,,,control.syn,,,,,
␗,,,,control.etb,,,,,
␘,,,,control.can,,,,,
␙,,,,control.em,,,,,
␚,,,,control.sub,,,,,
␛,,,,control.esc,,,,,
␜,,,,control.fs,,,,,
␝,,,,control.gs,,,,,
␞,,,,control.rs,,,,,
␟,,,,control.us,,,,,
␠,,,,control.sp,,,,,
␡,,,,control.del,,,,,
␢,blanksymbol,,,,,,,,
␣,,visiblespace,,spacebar,,,,,
␤,,,,control.nl,,,,,
Ⓢ,,,circledS,,,circledS,,,
─,,,,,,,---,HorizontalLine,
━,,,,,,,--_,,
┆,bdtriplevdash,,,,,,,,
╌,,,,,,,--.,,
═,,,,,,,--=,,
╱,,,diagup,,,,,,
╲,,,diagdown,,,,,,
▀,blockuphalf,,,,,,,,
▄,blocklowhalf,,,,,,,,
█,blockfull,,,,,,,,
▌,blocklefthalf,,,,,,,,
▐,blockrighthalf,,,,,,,,
░,blockqtrshaded,,,,,,,,
▒,blockhalfshaded,,,,,,,,
▓,blockthreeqtrshaded,,,,,,,,
■,mdlgblksquare | blacksquare,,blacksquare,square.filled,,sqb,,FilledSquare,
□,mdlgwhtsquare | square,,Box | square,square.stroked,,square | sqw | Box,,EmptySquare,
▢,squoval,,,square.stroked.rounded,,sqo,,,
▣,blackinwhitesquare,,,,,sq.,,,
▤,squarehfill,,,,,,,,
▥,squarevfill,,,,,,,,
▦,squarehvfill,,,,,,,,
▧,squarenwsefill,,,,,,,,
▨,squareneswfill,,,,,,,,
▩,squarecrossfill,,,,,,,,
▪,smblksquare,,,square.filled.tiny,,blacksquare,,FilledVerySmallSquare,
▫,smwhtsquare,,,square.stroked.tiny,,,,EmptyVerySmallSquare,
▬,hrectangleblack,,,rect.filled.h,,reb,re,,
▭,hrectangle,,,rect.stroked.h,,rew,,,
▮,vrectangleblack,,,rect.filled.v,,,,FilledRectangle,
▯,vrectangle,,,rect.stroked.v,,,,EmptyRectangle,
▰,parallelogramblack,,,parallelogram.filled,,pab,pa,,
▱,parallelogram,,,parallelogram.stroked,,paw,,,
▲,bigblacktriangleup,,blacktriangle,triangle.filled.t,,,,FilledUpTriangle,
△,bigtriangleup,,bigtriangleup | triangle | vartriangle,triangle.stroked.t,,bigtriangleup,,EmptyUpTriangle,
▴,blacktriangle,,,triangle.filled.small.t,,blacktriangle,,UpPointer,
▵,vartriangle,,,triangle.stroked.small.t,,triangle,,,
▶,blacktriangleright,,blacktriangleright,triangle.filled.r,,,,FilledRightTriangle,
▷,triangleright,,,triangle.stroked.r,,rhd,,,
▸,smallblacktriangleright,,,triangle.filled.small.r,,blacktriangleright,t | rw,RightPointer,
▹,smalltriangleright,,triangleright,triangle.stroked.small.r,,transport | trans | triangleright,,,
►,blackpointerright,,,,,,,,
▻,whitepointerright,,,,,,,,
▼,bigblacktriangledown,,blacktriangledown,triangle.filled.b,,,,FilledDownTriangle,
▽,bigtriangledown,,bigtriangledown | triangledown,triangle.stroked.b,,bigtriangledown,,EmptyDownTriangle,
▾,blacktriangledown,,,triangle.filled.small.b,,blacktriangledown,,DownPointer,
▿,triangledown,,,triangle.stroked.small.b,,triangledown,,,
◀,blacktriangleleft,,blacktriangleleft,triangle.filled.l,,,Tr | Tb,FilledLeftTriangle,
◁,triangleleft,,,triangle.stroked.l,,lhd,Tw,,
◂,smallblacktriangleleft,,,triangle.filled.small.l,,blacktriangleleft,tb,LeftPointer,
◃,smalltriangleleft,,triangleleft,triangle.stroked.small.l,,triangleleft,tw,,
◄,blackpointerleft,,,,,,,,
◅,whitepointerleft,,,,,,,,
◆,mdlgblkdiamond,,,diamond.filled,,dib,di,FilledDiamond,
◇,mdlgwhtdiamond,,,diamond.stroked,,diw | Diamond,,EmptyDiamond,
◈,blackinwhitediamond,,,,,di.,,,
◉,fisheye,,,,,,,,
◊,mdlgwhtlozenge,,Diamond | lozenge,lozenge.stroked,,,,,
○,mdlgwhtcircle,,,circle.stroked,,ciw,,EmptyCircle,
◌,dottedcircle,,,circle.dotted,,ci..,,,
◍,circlevertfill,,,,,,,,
◎,bullseye,,,,,ci.,,,
●,mdlgblkcircle,,,circle.filled,,cib,ci,FilledCircle,
◐,circlelefthalfblack,,,,,,,,
◑,circlerighthalfblack,,,,,,,,
◒,circlebottomhalfblack,,,,,,,,
◓,circletophalfblack,,,,,,,,
◔,circleurquadblack,,,,,,,,
◕,blackcircleulquadwhite,,,,,,,,
◖,blacklefthalfcircle,,,,,,,,
◗,blackrighthalfcircle,,,,,,,,
◘,inversebullet,,,bullet.hole,,,,,
◙,inversewhitecircle,,,,,,,,
◚,invwhiteupperhalfcircle,,,,,,,,
◛,invwhitelowerhalfcircle,,,,,,,,
◜,ularc,,,,,,,,
◝,urarc,,,,,,,,
◞,lrarc,,,,,,,,
◟,llarc,,,,,,,,
◠,topsemicircle,,,,,,,,
◡,botsemicircle,,,,,,,,
◢,lrblacktriangle,,,triangle.filled.br,,,,,
◣,llblacktriangle,,,triangle.filled.bl,,,,,
◤,ulblacktriangle,,,triangle.filled.tl,,,,,
◥,urblacktriangle,,,triangle.filled.tr,,,,,
◦,smwhtcircle,,,bullet.stroked,,textopenbullet | buw,,EmptySmallCircle,
◧,squareleftblack,,,,,,,,
◨,squarerightblack,,,,,,,,
◩,squareulblack,,,,,,,,
◪,squarelrblack,,,,,,,,
◫,boxbar,,,,,boxmid | hcomp,,,
◬,trianglecdot,,,triangle.stroked.dot,,,,,
◭,triangleleftblack,,,,,,,,
◮,trianglerightblack,,,,,,,,
◯,lgwhtcircle,,bigcirc | textcircled,circle.stroked.big,,ciO | bigcirc,,,
◰,squareulquad,,,,,,,,
◱,squarellquad,,,,,,,,
◲,squarelrquad,,,,,,,,
◳,squareurquad,,,,,,,,
◴,circleulquad,,,,,,,,
◵,circlellquad,,,,,,,,
◶,circlelrquad,,,,,,,,
◷,circleurquad,,,,,,,,
◸,ultriangle,,,triangle.stroked.tl,,,,,
◹,urtriangle,,,triangle.stroked.tr,,,,,
◺,lltriangle,,,triangle.stroked.bl,,,,,
◻,mdwhtsquare,,,square.stroked.medium,,,,EmptySmallSquare,
◼,mdblksquare,,,square.filled.medium,,,,,
◽,mdsmwhtsquare,,,square.stroked.small,,,,,
◾,mdsmblksquare,,,square.filled.small,,,sq,,
◿,lrtriangle,,,triangle.stroked.br,,,,,
★,bigstar,,bigstar,star.filled,,bigstar,,FivePointedStar,
☆,bigwhitestar,,,star.stroked,,,,,
☉,astrosun,,,sun,,,,,
☐,,,,ballot,,,,,
☑,,,,ballot.check,,,,,
☒,,,,ballot.cross,,,,CheckedBox,
☙,,,,floral.l,,,,,
☡,danger,,,,,caution,,,
☢,,,,,,radioactive,,,
☣,,,,,,biohazard,,,
☹,,,,,,Frowny,,,
☺,,,,,,Smiley,,,
☻,blacksmiley,,,,,blacksmiley,,,
☼,sun,,,,,,,,
☽,rightmoon,,,,,,,,
☾,leftmoon,,,,,,,,
☿,,,,mercury,,,,Mercury,
♀,female,,,gender.female | venus,,female,,Venus,
♁,,,,earth.alt,,,,,
♂,male,,,gender.male | mars,,male,,Mars,
♃,,,,jupiter,,,,Jupiter,
♄,,,,saturn,,,,Saturn,
♅,,,,uranus.alt,,,,,
♆,,,,neptune,,,,Neptune,
♠,spadesuit,,spadesuit,suit.spade.filled,,spadesuit,,,
♡,heartsuit,,heartsuit,suit.heart.stroked,,,,,
♢,diamondsuit,,diamondsuit,suit.diamond.stroked,,diamondsuit,,,
♣,clubsuit,,clubsuit,suit.club.filled,,clubsuit,,,
♤,varspadesuit,,,suit.spade.stroked,,,,,
♥,varheartsuit,,,suit.heart.filled,,heartsuit,,,
♦,vardiamondsuit,,,suit.diamond.filled,,,,,
♧,varclubsuit,,,suit.club.stroked,,,,,
♩,quarternote,,,note.quarter.alt,,note,,,
♪,eighthnote,,,note.eighth.alt,,textmusicalnote,,,
♫,twonotes,,,note.eighth.beamed,,,,,
♬,,,,note.sixteenth.beamed,,,,,
♭,flat,,flat,flat,,flat,,Flat,
♮,natural,,natural,natural,,natural,,Natural,
♯,sharp,,sharp,sharp,,sharp,#,Sharp,
♾,acidfree,,,,,,,,
⚀,dicei,,,die.one,,die,,,
⚁,diceii,,,die.two,,,,,
⚂,diceiii,,,die.three,,,,,
⚃,diceiv,,,die.four,,,,,
⚄,dicev,,,die.five,,,,,
⚅,dicevi,,,die.six,,,,,
⚆,circledrightdot,,,,,,,,
⚇,circledtwodots,,,,,,,,
⚈,blackcircledrightdot,,,,,,,,
⚉,blackcircledtwodots,,,,,,,,
⚠,,,,,,warning,,,
⚢,,,,gender.female.double,,,,,
⚣,,,,gender.male.double,,,,,
⚤,,,,gender.female.male | gender.male.female,,,,,
⚥,Hermaphrodite,,,gender.intersex,,,,,
⚦,,,,gender.male.stroke,,,,,
⚧,,,,gender.trans,,,,,
⚨,,,,gender.male.stroke.t,,,,,
⚩,,,,gender.male.stroke.r,,,,,
⚪,mdwhtcircle,,,,,,,,
⚫,mdblkcircle,,,,,,,,
⚬,mdsmwhtcircle,,,circle.stroked.small,,,,,
⚲,neuter,,,gender.neuter,,,,,
⛢,,,,uranus,,,,Uranus,
✂,,,,,,scissor,,,
✉,,,,,,Letter,,,
✓,checkmark,,checkmark,checkmark,,checkmark,,Checkmark,
✔,,,,checkmark.heavy,,,,,
✗,,,,crossmark,,,,,
✘,,,,crossmark.heavy,,,,,
✝,,,,,,textdied,,,
✠,maltese,,maltese,maltese,,maltese,,,
✦,,,,,,st4 | blacklozenge,,,
✧,,,,,,lozenge,,,
✪,circledstar,,,,,,,,
✴,,,,,,st8,,,
✶,varstar,,,,,st6,,SixPointedStar,
✹,,,,,,st12,,,
✽,dingasterisk,,,,,,,,
❦,,,,floral,,,,,
❧,,,,floral.r,,,,,
❰,,,,,,,h<,,
❱,,,,,,,h>,,
❲,lbrbrak,,,shell.l,,,,,
❳,rbrbrak,,,shell.r,,,,,
➛,draftingarrow,,,,,,,,
➡,,,,arrow.r.filled,,,,,
⟀,threedangle,,,angle.spatial,,,,,
⟁,whiteinwhitetriangle,,,triangle.stroked.nested,,,,,
⟂,perp,,,perp,,perp,,Perpendicular,
⟃,subsetcirc,,,,,,,,
⟄,supsetcirc,,,,,,,,
⟅,lbag,,,bag.l,,lbag,(b,,
⟆,rbag,,,bag.r,,rbag,)b,,
⟇,veedot,,,or.dot,,,,,
⟈,bsolhsub,,,,,,,,
⟉,suphsol,,,,,,,,
⟊,,,,divides.struck,,,,,
⟌,longdivision,,,,,,,,
⟐,diamondcdot,,,diamond.stroked.dot,,,,,
⟑,wedgedot,,,and.dot,,,,,
⟒,upin,,,,,,,,
⟓,pullback,,,,,,,,
⟔,pushout,,,,,,,,
⟕,leftouterjoin,,,bowtie.stroked.big.l | join.l,,,,,
⟖,rightouterjoin,,,bowtie.stroked.big.r | join.r,,,,,
⟗,fullouterjoin,,,bowtie.stroked.big.l.r | join.l.r,,,,,
⟘,bigbot,,,tack.t.big,,,,,
⟙,bigtop,,,tack.b.big,,,,,
⟚,DashVDash,,,,,,,,
⟛,dashVdash,,,tack.l.r,,,,,
⟜,multimapinv,,,,,,,,
⟝,vlongdash,,,tack.r.long,,,,,
⟞,longdashv,,,tack.l.long,,,,,
⟟,cirbot,,,,,,,,
⟠,lozengeminus,,,,,,,,
⟡,concavediamond,,,,,,,,
⟢,concavediamondtickleft,,,,,,,,
⟣,concavediamondtickright,,,,,,,,
⟤,whitesquaretickleft,,,,,,,,
⟥,whitesquaretickright,,,,,,,,
⟦,lBrack,[[,,bracket.l.stroked,[|,,[[,,
⟧,rBrack,]],,bracket.r.stroked,|],,]],,
⟨,langle,,langle,chevron.l,,langle,<,,
⟩,rangle,,rangle,chevron.r,,rangle,>,,
⟪,lAngle,,,chevron.l.double,,,<<,,
⟫,rAngle,,,chevron.r.double,,,>>,,
⟬,Lbrbrak,,,shell.l.stroked,,,,,
⟭,Rbrbrak,,,shell.r.stroked,,,,,
⟮,lgroup,,lgroup,paren.l.flat,,,([,,
⟯,rgroup,,rgroup,paren.r.flat,,,]),,
⟰,UUparrow,,,arrow.t.quad,,u==,,,
⟱,DDownarrow,,,arrow.b.quad,,d==,,,
⟲,acwgapcirclearrow,,,,,,,,
⟳,cwgapcirclearrow,,,,,,,,
⟴,rightarrowonoplus,,,plus.o.arrow,,,,,
⟵,longleftarrow,,longleftarrow,arrow.l.long,<--,l-- | longleftarrow,<--,LongLeftArrow,
⟶,longrightarrow,,longrightarrow,arrow.r.long,-->,hom | longrightarrow | r--,-->,LongRightArrow,
⟷,longleftrightarrow,,longleftrightarrow,arrow.l.r.long,<-->,lr-- | longleftrightarrow,<-->,LongLeftRightArrow,
⟸,Longleftarrow | impliedby,,Longleftarrow,arrow.l.double.long,<==,,,DoubleLongLeftArrow,
⟹,Longrightarrow | implies,,Longrightarrow,arrow.r.double.long,==>,nattrans | nat_trans,==>,DoubleLongRightArrow,==>
⟺,Longleftrightarrow | iff,,Longleftrightarrow,arrow.l.r.double.long,<==>,,,DoubleLongLeftRightArrow,
⟻,longmapsfrom,,,arrow.l.long.bar | mapsfrom.long,,,,,
⟼,longmapsto,,longmapsto,arrow.r.long.bar | mapsto.long,,,,,
⟽,Longmapsfrom,,,arrow.l.double.long.bar,,,,,
⟾,Longmapsto,,,arrow.r.double.long.bar,,,,,
⟿,longrightsquigarrow,,,arrow.r.long.squiggly,~~>,,,,
⤀,nvtwoheadrightarrow,,,arrow.r.twohead.struck,,,,,
⤁,nVtwoheadrightarrow,,,arrow.r.twohead.dstruck,,,,,
⤂,nvLeftarrow,,,arrow.l.double.struck,,,,,
⤃,nvRightarrow,,,arrow.r.double.struck,,,,,
⤄,nvLeftrightarrow,,,arrow.l.r.double.struck,,,,,
⤅,twoheadmapsto,,,arrow.r.twohead.bar,,,,,
⤆,Mapsfrom,,,arrow.l.double.bar,,,,,
⤇,Mapsto,,,arrow.r.double.bar,|=>,,,,
⤈,downarrowbarred,,,arrow.b.struck,,,,,
⤉,uparrowbarred,,,arrow.t.struck,,,,,
⤊,Uuparrow,,,arrow.t.triple,,,,,
⤋,Ddownarrow,,,arrow.b.triple,,,,,
⤌,leftbkarrow,,,,,,,,
⤍,rightbkarrow,,,,,,,,
⤎,leftdbkarrow,,,,,,,,
⤏,dbkarrow,,,,,,,,
⤐,drbkarrow,,,,,,,,
⤑,rightdotarrow,,,arrow.r.dotted,,,,,
⤒,baruparrow,,,arrow.t.stop,,,,UpArrowBar,
⤓,downarrowbar,,,arrow.b.stop,,,,DownArrowBar,
⤔,nvrightarrowtail,,,arrow.r.tail.struck,,,,,
⤕,nVrightarrowtail,,,arrow.r.tail.dstruck,,,,,
⤖,twoheadrightarrowtail,,,arrow.r.twohead.tail,,,,,
⤗,nvtwoheadrightarrowtail,,,arrow.r.twohead.tail.struck,,,,,
⤘,nVtwoheadrightarrowtail,,,arrow.r.twohead.tail.dstruck,,,,,
⤙,lefttail,,,,,,,,
⤚,righttail,,,,,,,,
⤛,leftdbltail,,,,,,,,
⤜,rightdbltail,,,,,,,,
⤝,diamondleftarrow,,,,,,,,
⤞,rightarrowdiamond,,,,,,,,
⤟,diamondleftarrowbar,,,,,,,,
⤠,barrightarrowdiamond,,,,,,,,
⤡,nwsearrow,,,arrow.tl.br,,,,,
⤢,neswarrow,,,arrow.tr.bl,,,,,
⤣,hknwarrow,,,arrow.tl.hook,,,,,
⤤,hknearrow,,,arrow.tr.hook,,,,,
⤥,hksearrow,,,arrow.br.hook,,,,,
⤦,hkswarrow,,,arrow.bl.hook,,,,,
⤧,tona,,,,,,,,
⤨,toea,,,,,,,,
⤩,tosa,,,,,,,,
⤪,towa,,,,,,,,
⤫,rdiagovfdiag,,,,,,,,
⤬,fdiagovrdiag,,,,,,,,
⤭,seovnearrow,,,,,,,,
⤮,neovsearrow,,,,,,,,
⤯,fdiagovnearrow,,,,,,,,
⤰,rdiagovsearrow,,,,,,,,
⤱,neovnwarrow,,,,,,,,
⤲,nwovnearrow,,,,,,,,
⤳,rightcurvedarrow,,,,,specializes,~>,,
⤴,uprightcurvearrow,,,arrow.t.curve,,,,,
⤵,downrightcurvedarrow,,,arrow.b.curve,,,,,
⤶,leftdowncurvedarrow,,,arrow.l.curve,,,,,
⤷,rightdowncurvedarrow,,,arrow.r.curve,,,,,
⤸,cwrightarcarrow,,,,,,,,
⤹,acwleftarcarrow,,,,,,,,
⤺,acwoverarcarrow,,,,,,,,
⤻,acwunderarcarrow,,,,,,,,
⤼,curvearrowrightminus,,,,,,,,
⤽,curvearrowleftplus,,,,,,,,
⤾,cwundercurvearrow,,,,,,,,
⤿,ccwundercurvearrow,,,,,,,,
⥀,acwcirclearrow,,,,,,,,
⥁,cwcirclearrow,,,,,,,,
⥂,rightarrowshortleftarrow,,,,,,,,
⥃,leftarrowshortrightarrow,,,,,,,,
⥄,shortrightarrowleftarrow,,,,,,,,
⥅,rightarrowplus,,,,,,,,
⥆,leftarrowplus,,,,,,,,
⥇,rightarrowx,,,,,,,,
⥈,leftrightarrowcircle,,,,,,,,
⥉,twoheaduparrowcircle,,,,,,,,
⥊,leftrightharpoonupdown,,,harpoon.lt.rb,,,,,
⥋,leftrightharpoondownup,,,harpoon.lb.rt,,,,,
⥌,updownharpoonrightleft,,,harpoon.tr.bl,,,,,
⥍,updownharpoonleftright,,,harpoon.tl.br,,,,,
⥎,leftrightharpoonupup,,,harpoon.lt.rt,,,,LeftRightVector,
⥏,updownharpoonrightright,,,harpoon.tr.br,,,,RightUpDownVector,
⥐,leftrightharpoondowndown,,,harpoon.lb.rb,,,,DownLeftRightVector,
⥑,updownharpoonleftleft,,,harpoon.tl.bl,,,,LeftUpDownVector,
⥒,barleftharpoonup,,,harpoon.lt.stop,,,,LeftVectorBar,
⥓,rightharpoonupbar,,,harpoon.rt.stop,,,,RightVectorBar,
⥔,barupharpoonright,,,harpoon.tr.stop,,,,RightUpVectorBar,
⥕,downharpoonrightbar,,,harpoon.br.stop,,,,RightDownVectorBar,
⥖,barleftharpoondown,,,harpoon.lb.stop,,,,DownLeftVectorBar,
⥗,rightharpoondownbar,,,harpoon.rb.stop,,,,DownRightVectorBar,
⥘,barupharpoonleft,,,harpoon.tl.stop,,,,LeftUpVectorBar,
⥙,downharpoonleftbar,,,harpoon.bl.stop,,,,LeftDownVectorBar,
⥚,leftharpoonupbar,,,harpoon.lt.bar,,,,LeftTeeVector,
⥛,barrightharpoonup,,,harpoon.rt.bar,,,,RightTeeVector,
⥜,upharpoonrightbar,,,harpoon.tr.bar,,,,RightUpTeeVector,
⥝,bardownharpoonright,,,harpoon.br.bar,,,,RightDownTeeVector,
⥞,leftharpoondownbar,,,harpoon.lb.bar,,,,DownLeftTeeVector,
⥟,barrightharpoondown,,,harpoon.rb.bar,,,,DownRightTeeVector,
⥠,upharpoonleftbar,,,harpoon.tl.bar,,,,LeftUpTeeVector,
⥡,bardownharpoonleft,,,harpoon.bl.bar,,,,LeftDownTeeVector,
⥢,leftharpoonsupdown,,,harpoons.ltlb,,,,,
⥣,upharpoonsleftright,,,harpoons.tltr,,,,,
⥤,rightharpoonsupdown,,,harpoons.rtrb,,functor,,,
⥥,downharpoonsleftright,,,harpoons.blbr,,,,,
⥦,leftrightharpoonsup,,,harpoons.ltrt,,,,,
⥧,leftrightharpoonsdown,,,harpoons.lbrb,,,,,
⥨,rightleftharpoonsup,,,harpoons.rtlt,,,,,
⥩,rightleftharpoonsdown,,,harpoons.rblb,,,,,
⥪,leftharpoonupdash,,,,,,,,
⥫,dashleftharpoondown,,,,,,,,
⥬,rightharpoonupdash,,,,,,,,
⥭,dashrightharpoondown,,,,,,,,
⥮,updownharpoonsleftright,,,harpoons.tlbr,,,,UpEquilibrium,
⥯,downupharpoonsleftright,,,harpoons.bltr,,,,ReverseUpEquilibrium,
⥰,rightimply,,,,,,,RoundImplies,
⥱,equalrightarrow,,,,,,,,
⥲,similarrightarrow,,,arrow.r.tilde,,,,,
⥳,leftarrowsimilar,,,,,,,,
⥴,rightarrowsimilar,,,,,,,,
⥵,rightarrowapprox,,,,,,,,
⥶,ltlarr,,,,,,,,
⥷,leftarrowless,,,,,,,,
⥸,gtrarr,,,,,,,,
⥹,subrarr,,,,,,,,
⥺,leftarrowsubset,,,,,,,,
⥻,suplarr,,,,,,,,
⥼,leftfishtail,,,,,,,,
⥽,rightfishtail,,,,,,,,
⥾,upfishtail,,,,,,,,
⥿,downfishtail,,,,,,,,
⦀,Vvert,,,bar.v.triple,,,,,
⦁,mdsmblkcircle,,,circle.filled.tiny,,,,,
⦂,typecolon,,,,,typecolon,:t,,
⦃,lBrace,,,brace.l.stroked,,,{{,,
⦄,rBrace,,,brace.r.stroked,,,}},,
⦅,lParen,,,paren.l.stroked,,,,,
⦆,rParen,,,paren.r.stroked,,,,,
⦇,llparenthesis,,,paren.l.closed,,,,,
⦈,rrparenthesis,,,paren.r.closed,,,,,
⦉,llangle,,,chevron.l.closed,,,,,
⦊,rrangle,,,chevron.r.closed,,,,,
⦋,lbrackubar,,,,,lsimplex,,,
⦌,rbrackubar,,,,,rsimplex,,,
⦍,lbrackultick,,,bracket.l.tick.t,,,,,
⦎,rbracklrtick,,,bracket.r.tick.b,,,,,
⦏,lbracklltick,,,bracket.l.tick.b,,,,,
⦐,rbrackurtick,,,bracket.r.tick.t,,,,,
⦑,langledot,,,chevron.l.dot,,,,,
⦒,rangledot,,,chevron.r.dot,,,,,
⦓,lparenless,,,,,,,,
⦔,rparengtr,,,,,,,,
⦕,Lparengtr,,,,,,,,
⦖,Rparenless,,,,,,,,
⦗,lblkbrbrak,,,shell.l.filled,,,,,
⦘,rblkbrbrak,,,shell.r.filled,,,,,
⦙,fourvdots,,,fence.dotted,,,,,
⦚,vzigzag,,,,,,,,
⦛,measuredangleleft,,,angle.arc.rev,,,,,
⦜,rightanglesqr,,,angle.right.square,,,,,
⦝,rightanglemdot,,,angle.right.dot,,,,,
⦞,angles,,,angle.s,,,,,
⦟,angdnr,,,angle.acute,,,,,
⦠,gtlpar,,,angle.spheric.rev,,,,,
⦡,sphericalangleup,,,angle.spheric.t,,,,,
⦢,turnangle,,,,,,,,
⦣,revangle,,,angle.rev,,,,,
⦤,angleubar,,,,,,,,
⦥,revangleubar,,,,,,,,
⦦,wideangledown,,,angle.obtuse,,,,,
⦧,wideangleup,,,,,,,,
⦨,measanglerutone,,,,,,,,
⦩,measanglelutonw,,,,,,,,
⦪,measanglerdtose,,,,,,,,
⦫,measangleldtosw,,,,,,,,
⦬,measangleurtone,,,,,,,,
⦭,measangleultonw,,,,,,,,
⦮,measangledrtose,,,,,,,,
⦯,measangledltosw,,,,,,,,
⦰,revemptyset,,,emptyset.rev | nothing.rev,,,,,
⦱,emptysetobar,,,emptyset.bar | nothing.bar,,,,,
⦲,emptysetocirc,,,emptyset.circle | nothing.circle,,,,,
⦳,emptysetoarr,,,emptyset.arrow.r | nothing.arrow.r,,,,,
⦴,emptysetoarrl,,,emptyset.arrow.l | nothing.arrow.l,,,,,
⦵,circlehbar,,,,,,,,
⦶,circledvert,,,bar.v.o,,,,,
⦷,circledparallel,,,parallel.o,,,,,
⦸,obslash,,,backslash.o,,,,,
⦹,operp,,,perp.o,,,,,
⦺,obot,,,,,,,,
⦻,olcross,,,,,,,,
⦼,odotslashdot,,,div.slanted.o,,,,,
⦽,uparrowoncircle,,,,,,,,
⦾,circledwhitebullet,,,bullet.stroked.o,,,,,
⦿,circledbullet,,,bullet.o,,,,,
⧀,olessthan,,,lt.o,,,,,
⧁,ogreaterthan,,,gt.o,,,,,
⧂,cirscir,,,,,,,,
⧃,cirE,,,,,,,,
⧄,boxdiag,,,,,,,,
⧅,boxbslash,,,,,,,,
⧆,boxast,,,ast.square,,,,,
⧇,boxcircle,,,,,,,,
⧈,boxbox,,,,,,,,
⧉,boxonbox,,,,,,,,
⧊,triangleodot,,,,,,,,
⧋,triangleubar,,,,,,,,
⧌,triangles,,,,,,,,
⧍,triangleserifs,,,,,,,,
⧎,rtriltri,,,,,,,,
⧏,ltrivb,,,,,,lf | <|,LeftTriangleBar,
⧐,vbrtri,,,,,,,RightTriangleBar,
⧑,lfbowtie,,,bowtie.filled.l,,,,,
⧒,rfbowtie,,,bowtie.filled.r,,,,,
⧓,fbowtie,,,bowtie.filled,,,,,
⧔,lftimes,,,,,,,,
⧕,rftimes,,,,,,,,
⧖,hourglass,,,hourglass.stroked,,,,,
⧗,blackhourglass,,,hourglass.filled,,,,,
⧘,lvzigzag,,,fence.l,,,,,
⧙,rvzigzag,,,fence.r,,,,,
⧚,Lvzigzag,,,fence.l.double,,,,,
⧛,Rvzigzag,,,fence.r.double,,,,,
⧜,iinfin,,,infinity.incomplete,,,,,
⧝,tieinfty,,,infinity.tie,,,,,
⧞,nvinfty,,,infinity.bar,,,,,
⧟,dualmap,,,multimap.double,,,,,
⧠,laplac,,,,,,,,
⧡,lrtriangleeq,,,,,,,,
⧢,shuffle,,,,,,,,
⧣,eparsl,,,parallel.slanted.eq,,,,,
⧤,smeparsl,,,parallel.slanted.eq.tilde,,,,,
⧥,eqvparsl,,,parallel.slanted.equiv,,,,,
⧦,gleichstark,,,,,,,Equivalent,
⧧,thermod,,,,,,,,
⧨,downtriangleleftblack,,,,,,,,
⧩,downtrianglerightblack,,,,,,,,
⧪,blackdiamonddownarrow,,,,,,,,
⧫,mdlgblklozenge,,blacklozenge,lozenge.filled,,,,,
⧬,circledownarrow,,,,,,,,
⧭,blackcircledownarrow,,,,,,,,
⧮,errbarsquare,,,errorbar.square.stroked,,,,,
⧯,errbarblacksquare,,,errorbar.square.filled,,,,,
⧰,errbardiamond,,,errorbar.diamond.stroked,,,,,
⧱,errbarblackdiamond,,,errorbar.diamond.filled,,,,,
⧲,errbarcircle,,,errorbar.circle.stroked,,,,,
⧳,errbarblackcircle,,,errorbar.circle.filled,,,,,
⧴,ruledelayed,,,,,,,,
⧵,setminus,,,,,,,,
⧶,dsol,,,,,,,,
⧷,rsolbar,,,backslash.not,,,,,
⧸,xsol,,,slash.big,,quot | bigsolidus,/,,
⧹,xbsol,,,,,,,,
⧺,doubleplus,,,plus.double,,,,,
⧻,tripleplus,,,plus.triple,,,,,
⧼,lcurvyangle,,,chevron.l.curly,,,,,
⧽,rcurvyangle,,,chevron.r.curly,,,,,
⧾,tplus,,,tiny,,tiny,,,
⧿,tminus,,,miny,,miny,,,
⨀,bigodot,,bigodot,dot.o.big,,,O.,,
⨁,bigoplus,,bigoplus,plus.o.big | xor.big,,directsum,O+,,
⨂,bigotimes,,bigotimes,times.o.big,,pitensorproduct | tensorpower,Ox,,
⨃,bigcupdot,,,union.dot.big,,,U.,,
⨄,biguplus,,biguplus,union.plus.big,,,U+,,
⨅,bigsqcap,,,inter.sq.big,,infi | Glb | Inf | Meet | Sqcap | bigglb | biginf | bigmeet | bigsqcap,,,
⨆,bigsqcup,,bigsqcup,union.sq.big,,supr | Join | Lub | Sup | Sqcup | bigjoin | biglub | bigsqcup | bigsup,,,
⨇,conjquant,,,,,,,,
⨈,disjquant,,,,,,,,
⨉,bigtimes,,,times.big,,,,,
⨊,modtwosum,,,,,,,,
⨋,sumint,,,sum.integral,,,,,
⨌,iiiint,,,integral.quad,,,,,
⨍,intbar,,,integral.dash,,integral- | average | -int,,,
⨎,intBar,,,integral.dash.double,,,,,
⨏,fint,,,integral.slash,,,,,
⨐,cirfnint,,,,,,,,
⨑,awint,,,integral.ccw,,,,,
⨒,rppolint,,,,,,,,
⨓,scpolint,,,,,,,,
⨔,npolint,,,,,,,,
⨕,pointint,,,,,,,,
⨖,sqint,,,integral.square,,,,,
⨗,intlarhk,,,integral.arrow.hook,,,,,
⨘,intx,,,integral.times,,,,,
⨙,intcap,,,integral.inter,,,,,
⨚,intcup,,,integral.union,,,,,
⨛,upint,,,,,,,,
⨜,lowint,,,,,,,,
⨝,Join,,,bowtie.stroked.big | join,,,,,
⨞,bigtriangleleft,,,,,,,,
⨟,zcmp,,,,,,,,
⨠,zpipe,,,,,,,,
⨡,zproject,,,,,,,,
⨢,ringplus,,,,,,,,
⨣,plushat,,,plus.hat,,,,,
⨤,simplus,,,,,,,,
⨥,plusdot,,,,,,,,
⨦,plussim,,,,,,,,
⨧,plussubtwo,,,,,,,,
⨨,plustrif,,,,,,,,
⨩,commaminus,,,,,,,,
⨪,minusdot,,,,,,,,
⨫,minusfdots,,,,,,,,
⨬,minusrdots,,,,,,,,
⨭,opluslhrim,,,plus.o.l,,,,,
⨮,oplusrhrim,,,plus.o.r,,,,,
⨯,vectimes,,,,,vectorproduct | crossproduct,X,,
⨰,dottimes,,,,,,,,
⨱,timesbar,,,,,,,,
⨲,btimes,,,,,,,,
⨳,smashtimes,,,smash,,,,,
⨴,otimeslhrim,,,times.o.l,,,,,
⨵,otimesrhrim,,,times.o.r,,,,,
⨶,otimeshat,,,times.o.hat,,,,,
⨷,Otimes,,,,,,,,
⨸,odiv,,,div.o,,,,,
⨹,triangleplus,,,plus.triangle,,,,,
⨺,triangleminus,,,minus.triangle,,,,,
⨻,triangletimes,,,times.triangle,,,,,
⨼,intprod,,,,,,,,
⨽,intprodr,,,,,,,,
⨾,fcmp,,,,,,,,
⨿,amalg,,amalg,,,coprod,,,
⩀,capdot,,,inter.dot,,,,,
⩁,uminus,,,union.minus,,,,,
⩂,barcup,,,,,,,,
⩃,barcap,,,,,,,,
⩄,capwedge,,,inter.and,,,,,
⩅,cupvee,,,union.or,,,,,
⩆,cupovercap,,,,,,,,
⩇,capovercup,,,,,,,,
⩈,cupbarcap,,,,,,,,
⩉,capbarcup,,,,,,,,
⩊,twocups,,,,,,,,
⩋,twocaps,,,,,,,,
⩌,closedvarcup,,,,,,,,
⩍,closedvarcap,,,,,,,,
⩎,Sqcap,,,inter.sq.double,,,,,
⩏,Sqcup,,,union.sq.double,,,,,
⩐,closedvarcupsmashprod,,,,,,,,
⩑,wedgeodot,,,,,,,,
⩒,veeodot,,,,,,,,
⩓,Wedge,,,and.double,,,,,
⩔,Vee,,,or.double,,,,,
⩕,wedgeonwedge,,,,,,,,
⩖,veeonvee,,,,,,,,
⩗,bigslopedvee,,,,,,,,
⩘,bigslopedwedge,,,,,,,,
⩙,veeonwedge,,,,,,,,
⩚,wedgemidvert,,,,,,,,
⩛,veemidvert,,,,,,,,
⩜,midbarwedge,,,,,,,,
⩝,midbarvee,,,,,,,,
⩞,doublebarwedge,,doublebarwedge,,,,,,
⩟,wedgebar,,,,,,,,
⩠,wedgedoublebar,,,,,,,,
⩡,varveebar,,,,,,,,
⩢,doublebarvee,,,,,,,,
⩣,veedoublebar,,,,,,,,
⩤,dsub,,,,,,,,
⩥,rsub,,,,,,,,
⩦,eqdot,,,,,,,,
⩧,dotequiv,,,,,,,,
⩨,equivVert,,,parallel.equiv,,,,,
⩩,equivVvert,,,,,,,,
⩪,dotsim,,,tilde.dot,,,,,
⩫,simrdots,,,,,,,,
⩬,simminussim,,,,,,,,
⩭,congdot,,,,,,,,
⩮,asteq,,,eq.ast,,,,,
⩯,hatapprox,,,approx.hat,,,,,
⩰,approxeqq,,,,,,,,
⩱,eqqplus,,,,,,,,
⩲,pluseqq,,,,,,,,
⩳,eqqsim,,,,,,,,
⩴,Coloneq,,,colon.double.eq,::=,,,,
⩵,eqeq,,,,,,,,
⩶,eqeqeq,,,,,,,,
⩷,ddotseq,,,,,,,,
⩸,equivDD,,,,,,,,
⩹,ltcir,,,,,,,,
⩺,gtcir,,,,,,,,
⩻,ltquest,,,lt.quest,,,,,
⩼,gtquest,,,gt.quest,,,,,
⩽,leqslant,,leqslant,lt.eq.slant,,,,LessSlantEqual,
⩾,geqslant,,geqslant,gt.eq.slant,,,,GreaterSlantEqual,
⩿,lesdot,,,,,wcovby | wcovers,,,
⪀,gesdot,,,,,,,,
⪁,lesdoto,,,,,,,,
⪂,gesdoto,,,,,,,,
⪃,lesdotor,,,,,,,,
⪄,gesdotol,,,,,,,,
⪅,lessapprox,,lessapprox,lt.approx,,,,,
⪆,gtrapprox,,gtrapprox,gt.approx,,,,,
⪇,lneq,,lneq,lt.neq,,,,,
⪈,gneq,,gneq,gt.neq,,,,,
⪉,lnapprox,,lnapprox,lt.napprox,,,,,
⪊,gnapprox,,gnapprox,gt.napprox,,,,,
⪋,lesseqqgtr,,lesseqqgtr,,,,,,
⪌,gtreqqless,,gtreqqless,,,,,,
⪍,lsime,,,,,,,,
⪎,gsime,,,,,,,,
⪏,lsimg,,,,,,,,
⪐,gsiml,,,,,,,,
⪑,lgE,,,,,,,,
⪒,glE,,,,,,,,
⪓,lesges,,,,,,,,
⪔,gesles,,,,,,,,
⪕,eqslantless,,eqslantless,,,,,,
⪖,eqslantgtr,,eqslantgtr,,,,,,
⪗,elsdot,,,,,,,,
⪘,egsdot,,,,,,,,
⪙,eqqless,,,,,,,,
⪚,eqqgtr,,,,,,,,
⪛,eqqslantless,,,,,,,,
⪜,eqqslantgtr,,,,,,,,
⪝,simless,,,,,,,,
⪞,simgtr,,,,,,,,
⪟,simlE,,,,,,,,
⪠,simgE,,,,,,,,
⪡,Lt,,,lt.double.nested,,,,NestedLessLess,
⪢,Gt,,,gt.double.nested,,,,NestedGreaterGreater,
⪣,partialmeetcontraction,,,,,,,,
⪤,glj,,,,,,,,
⪥,gla,,,,,,,,
⪦,ltcc,,,lt.arc,,,,,
⪧,gtcc,,,gt.arc,,,,,
⪨,lescc,,,lt.arc.eq,,,,,
⪩,gescc,,,gt.arc.eq,,,,,
⪪,smt,,,smt,,,,,
⪫,lat,,,lat,,,,,
⪬,smte,,,smt.eq,,,,,
⪭,late,,,lat.eq,,,,,
⪮,bumpeqq,,,,,,,,
⪯,preceq,,preceq,prec.eq,,,,PrecedesEqual,
⪰,succeq,,succeq,succ.eq,,,,SucceedsEqual,
⪱,precneq,,,prec.neq,,,,,
⪲,succneq,,,succ.neq,,,,,
⪳,preceqq,,,prec.equiv,,,,,
⪴,succeqq,,,succ.equiv,,,,,
⪵,precneqq,,precneqq,prec.nequiv,,,,,
⪶,succneqq,,succneqq,succ.nequiv,,,,,
⪷,precapprox,,precapprox,prec.approx,,,,,
⪸,succapprox,,succapprox,succ.approx,,,,,
⪹,precnapprox,,precnapprox,prec.napprox,,,,,
⪺,succnapprox,,succnapprox,succ.napprox,,,,,
⪻,Prec,,,prec.double,,,,,
⪼,Succ,,,succ.double,,,,,
⪽,subsetdot,,,subset.dot,,,,,
⪾,supsetdot,,,supset.dot,,,,,
⪿,subsetplus,,,subset.plus,,,,,
⫀,supsetplus,,,supset.plus,,,,,
⫁,submult,,,subset.times,,,,,
⫂,supmult,,,supset.times,,,,,
⫃,subedot,,,subset.eq.dot,,,,,
⫄,supedot,,,supset.eq.dot,,,,,
⫅,subseteqq,,subseteqq,subset.equiv,,,,,
⫆,supseteqq,,supseteqq,supset.equiv,,,,,
⫇,subsim,,,subset.tilde,,,,,
⫈,supsim,,,supset.tilde,,,,,
⫉,subsetapprox,,,subset.approx,,,,,
⫊,supsetapprox,,,supset.approx,,,,,
⫋,subsetneqq,,subsetneqq,subset.nequiv,,,,,
⫌,supsetneqq,,supsetneqq,supset.nequiv,,,,,
⫍,lsqhook,,,,,,,,
⫎,rsqhook,,,,,,,,
⫏,csub,,,subset.closed,,,,,
⫐,csup,,,supset.closed,,,,,
⫑,csube,,,subset.closed.eq,,,,,
⫒,csupe,,,supset.closed.eq,,,,,
⫓,subsup,,,,,,,,
⫔,supsub,,,,,,,,
⫕,subsub,,,,,,,,
⫖,supsup,,,,,,,,
⫗,suphsub,,,,,,,,
⫘,supdsub,,,,,,,,
⫙,forkv,,,,,,,,
⫚,topfork,,,,,,,,
⫛,mlcp,,,,,,,,
⫝̸,forks,,,,,,,,
⫝,forksnot,,,,,,,,
⫞,shortlefttack,,,tack.l.short,,,,,
⫟,shortdowntack,,,tack.b.short,,,,,
⫠,shortuptack,,,tack.t.short,,,,,
⫡,perps,,,,,,,,
⫢,vDdash,,,tack.rrr,,,,,
⫣,dashV,,,,,,,,
⫤,Dashv,,,tack.l.double | tack.ll,,,,DoubleLeftTee,
⫥,DashV,,,,,,,,
⫦,varVdash,,,,,,,,
⫧,Barv,,,,,,,,
⫨,vBar,,,,,,,,
⫩,vBarv,,,,,,,,
⫪,barV,,,tack.b.double | tack.bb,,,,,
⫫,Vbar,,,tack.t.double | tack.tt,,,,,
⫬,Not,,,,,,,,
⫭,bNot,,,,,,,,
⫮,revnmid,,,divides.not.rev,,,,,
⫯,cirmid,,,,,,,,
⫰,midcir,,,,,,,,
⫱,topcir,,,,,,,,
⫲,nhpar,,,parallel.struck,,,,,
⫳,parsim,,,parallel.tilde,,,,,
⫴,interleave,,,interleave,,,,,
⫵,nhVvert,,,interleave.struck,,,,,
⫶,threedotcolon,,,colon.tri.op,,,,,
⫷,lllnest,,,lt.triple.nested,,,,,
⫸,gggnest,,,gt.triple.nested,,,,,
⫹,leqqslant,,,,,,,,
⫺,geqqslant,,,,,,,,
⫻,trslash,,,slash.triple,,,,,
⫼,biginterleave,,,interleave.big,,,,,
⫽,sslash,,,slash.double,,,,,
⫾,talloblong,,,,,,,,
⫿,bigtalloblong,,,,,,,,
⬀,,,,arrow.tr.stroked,,,,,
⬁,,,,arrow.tl.stroked,,,,,
⬂,,,,arrow.br.stroked,,,,,
⬃,,,,arrow.bl.stroked,,,,,
⬄,,,,arrow.l.r.stroked,,,,,
⬅,,,,arrow.l.filled,,,,,
⬆,,,,arrow.t.filled,,,,,
⬇,,,,arrow.b.filled,,,,,
⬈,,,,arrow.tr.filled,,,,,
⬉,,,,arrow.tl.filled,,,,,
⬊,,,,arrow.br.filled,,,,,
⬋,,,,arrow.bl.filled,,,,,
⬌,,,,arrow.l.r.filled,,,,,
⬍,,,,arrow.t.b.filled,,,,,
⬒,squaretopblack,,,,,,,,
⬓,squarebotblack,,,,,,,,
⬔,squareurblack,,,,,,,,
⬕,squarellblack,,,,,,,,
⬖,diamondleftblack,,,,,,,,
⬗,diamondrightblack,,,,,,,,
⬘,diamondtopblack,,,,,,,,
⬙,diamondbotblack,,,,,,,,
⬚,dottedsquare,,,square.stroked.dotted,,,,,
⬛,lgblksquare,,,square.filled.big,,,,,
⬜,lgwhtsquare,,,square.stroked.big,,,,,
⬝,vysmblksquare,,,,,con,tr,,
⬞,vysmwhtsquare,,,,,,,,
⬟,pentagonblack,,,penta.filled,,,,,
⬠,pentagon,,,penta.stroked,,,,,
⬡,varhexagon,,,hexa.stroked,,,,,
⬢,varhexagonblack,,,hexa.filled,,,,,
⬣,hexagonblack,,,,,,,,
⬤,lgblkcircle,,,circle.filled.big,,,,,
⬥,mdblkdiamond,,,diamond.filled.medium,,,,,
⬦,mdwhtdiamond,,,diamond.stroked.medium,,,,,
⬧,mdblklozenge,,,lozenge.filled.medium,,,,,
⬨,mdwhtlozenge,,,lozenge.stroked.medium,,,,,
⬩,smblkdiamond,,,diamond.filled.small,,,,,
⬪,smblklozenge,,,lozenge.filled.small,,,,,
⬫,smwhtlozenge,,,lozenge.stroked.small,,,,,
⬬,blkhorzoval,,,ellipse.filled.h,,,,,
⬭,whthorzoval,,,ellipse.stroked.h,,,,,
⬮,blkvertoval,,,ellipse.filled.v,,,,,
⬯,whtvertoval,,,ellipse.stroked.v,,,,,
⬰,circleonleftarrow,,,,,,,,
⬱,leftthreearrows,,,arrows.lll,,,,,
⬲,leftarrowonoplus,,,,,,,,
⬳,longleftsquigarrow,,,arrow.l.long.squiggly,<~~,,,,
⬴,nvtwoheadleftarrow,,,arrow.l.twohead.struck,,,,,
⬵,nVtwoheadleftarrow,,,arrow.l.twohead.dstruck,,,,,
⬶,twoheadmapsfrom,,,arrow.l.twohead.bar,,,,,
⬷,twoheadleftdbkarrow,,,,,,,,
⬸,leftdotarrow,,,arrow.l.dotted,,,,,
⬹,nvleftarrowtail,,,arrow.l.tail.struck,,,,,
⬺,nVleftarrowtail,,,arrow.l.tail.dstruck,,,,,
⬻,twoheadleftarrowtail,,,arrow.l.twohead.tail,,,,,
⬼,nvtwoheadleftarrowtail,,,arrow.l.twohead.tail.struck,,,,,
⬽,nVtwoheadleftarrowtail,,,arrow.l.twohead.tail.dstruck,,,,,
⬾,leftarrowx,,,,,,,,
⬿,leftcurvedarrow,,,,,,,,
⭀,equalleftarrow,,,,,,,,
⭁,bsimilarleftarrow,,,,,,,,
⭂,leftarrowbackapprox,,,,,,,,
⭃,rightarrowgtr,,,,,,,,
⭄,rightarrowsupset,,,,,,,,
⭅,LLeftarrow,,,arrow.l.quad,,,,,
⭆,RRightarrow,,,arrow.r.quad,,,,,
⭇,bsimilarrightarrow,,,,,,,,
⭈,rightarrowbackapprox,,,,,,,,
⭉,similarleftarrow,,,arrow.l.tilde,,,,,
⭊,leftarrowapprox,,,,,,,,
⭋,leftarrowbsimilar,,,,,,,,
⭌,rightarrowbsimilar,,,,,,,,
⭐,medwhitestar,,,,,,,,
⭑,medblackstar,,,,,,,,
⭒,smwhitestar,,,,,,,,
⭓,rightpentagonblack,,,,,,,,
⭔,rightpentagon,,,,,,,,
⭘,,,,power.off,,,,,
⮌,,,,arrow.l.turn,,,,,
⮍,,,,arrow.t.turn,,,,,
⮎,,,,arrow.r.turn,,,,,
⮏,,,,arrow.b.turn,,,,,
⯉,,,,neptune.alt,,,,,
⯑,,,,,,uncertainty,,,
⯾,,,,angle.right.rev,,,,,
ⱼ,,_j,,,,,_j,,
ⱽ,,^V,,,,,^V,,
⸘,,,,interrobang.inv,,,,,
⸨,,((,,,,,((,,
⸩,,)),,,,,)),,
⸲,,,,comma.inv,,,,,
⸵,,,,semi.inv,,,,,
⸶,,,,dagger.l,,,,,
⸷,,,,dagger.r,,,,,
⸸,,,,dagger.inv,,,,,
⸺,,,,dash.em.two,,,,,
⸻,,,,dash.em.three,,,,,
⹁,,,,comma.rev,,,,,
⹋,,,,dagger.triple,,,,,
《,,,,,,ldata,,,
》,,,,,,rdata,,,
〒,postalmark,,,,,,,,
〚,,,,,,llbracket,,,
〛,,,,,,rrbracket,,,
〜,,,,dash.wave,,,,,
〰,hzigzag,,,dash.wave.double,,,,,
㉐,,,,,,partnership,,,
ꜰ,,tscf,,,,,,,
ꜱ,,tscs,,,,,,,
ꞯ,,tscq,,,,,,,
ꟸ,,,,,,^Hstroke,,,
ꟹ,,,,,,^oe,,,
ꭜ,,,,,,^heng,,,
ꭝ,,,,,,^ls,,,
ꭞ,,,,,,^ltilde,,,
ꭟ,,,,,,^uhook,,,
﹨,,,,,,sbs,,,
￢,,,,,,hnot,,,
𐆎,,,,,,nomisma,,,
𝄩,,,,rest.multiple.measure,,,,,
𝄪,,,,sharp.double,,,,,
𝄫,,,,flat.double,,,,,
𝄬,,,,flat.t,,,,,
𝄭,,,,flat.b,,,,,
𝄮,,,,natural.t,,,,,
𝄯,,,,natural.b,,,,,
𝄰,,,,sharp.t,,,,,
𝄱,,,,sharp.b,,,,,
𝄲,,,,sharp.quarter,,,,,
𝄳,,,,flat.quarter,,,,,
𝄺,,,,rest.multiple,,,,,
𝄻,,,,rest.whole,,,,,
𝄼,,,,rest.half,,,,,
𝄽,,,,rest.quarter,,,,,
𝄾,,,,rest.eighth,,,,,
𝄿,,,,rest.sixteenth,,,,,
𝅝,,,,note.whole,,,,,
𝅗𝅥,,,,note.half,,,,,
𝅘𝅥,,,,note.quarter,,,,,
𝅘𝅥𝅮,,,,note.eighth,,,,,
𝅘𝅥𝅯,,,,note.sixteenth,,,,,
𝆔,,,,note.grace.slash,,,,,
𝆕,,,,note.grace,,,,,
𝐀,mbfA,,,,,bfA,,,
𝐁,mbfB,,,,,bfB,,,
𝐂,mbfC,,,,,bfC,,,
𝐃,mbfD,,,,,bfD,,,
𝐄,mbfE,,,,,bfE,,,
𝐅,mbfF,,,,,bfF,,,
𝐆,mbfG,,,,,bfG,,,
𝐇,mbfH,,,,,bfH,,,
𝐈,mbfI,,,,,bfI,,,
𝐉,mbfJ,,,,,bfJ,,,
𝐊,mbfK,,,,,bfK,,,
𝐋,mbfL,,,,,bfL,,,
𝐌,mbfM,,,,,bfM,,,
𝐍,mbfN,,,,,bfN,,,
𝐎,mbfO,,,,,bfO,,,
𝐏,mbfP,,,,,bfP,,,
𝐐,mbfQ,,,,,bfQ,,,
𝐑,mbfR,,,,,bfR,,,
𝐒,mbfS,,,,,bfS,,,
𝐓,mbfT,,,,,bfT,,,
𝐔,mbfU,,,,,bfU,,,
𝐕,mbfV,,,,,bfV,,,
𝐖,mbfW,,,,,bfW,,,
𝐗,mbfX,,,,,bfX,,,
𝐘,mbfY,,,,,bfY,,,
𝐙,mbfZ,,,,,bfZ,,,
𝐚,mbfa,,,,,bfa,,,
𝐛,mbfb,,,,,bfb,,,
𝐜,mbfc,,,,,bfc,,,
𝐝,mbfd,,,,,bfd,,,
𝐞,mbfe,,,,,bfe,,,
𝐟,mbff,,,,,bff,,,
𝐠,mbfg,,,,,bfg,,,
𝐡,mbfh,,,,,bfh,,,
𝐢,mbfi,,,,,bfi,,,
𝐣,mbfj,,,,,bfj,,,
𝐤,mbfk,,,,,bfk,,,
𝐥,mbfl,,,,,bfl,,,
𝐦,mbfm,,,,,bfm,,,
𝐧,mbfn,,,,,bfn,,,
𝐨,mbfo,,,,,bfo,,,
𝐩,mbfp,,,,,bfp,,,
𝐪,mbfq,,,,,bfq,,,
𝐫,mbfr,,,,,bfr,,,
𝐬,mbfs,,,,,bfs,,,
𝐭,mbft,,,,,bft,,,
𝐮,mbfu,,,,,bfu,,,
𝐯,mbfv,,,,,bfv,,,
𝐰,mbfw,,,,,bfw,,,
𝐱,mbfx,,,,,bfx,,,
𝐲,mbfy,,,,,bfy,,,
𝐳,mbfz,,,,,bfz,,,
𝐴,mitA,,,,,MiA,,,
𝐵,mitB,,,,,MiB,,,
𝐶,mitC,,,,,MiC,,,
𝐷,mitD,,,,,MiD,,,
𝐸,mitE,,,,,MiE,,,
𝐹,mitF,,,,,MiF,,,
𝐺,mitG,,,,,MiG,,,
𝐻,mitH,,,,,MiH,,,
𝐼,mitI,,,,,MiI,,,
𝐽,mitJ,,,,,MiJ,,,
𝐾,mitK,,,,,MiK,,,
𝐿,mitL,,,,,MiL,,,
𝑀,mitM,,,,,MiM,,,
𝑁,mitN,,,,,MiN,,,
𝑂,mitO,,,,,MiO,,,
𝑃,mitP,,,,,MiP,,,
𝑄,mitQ,,,,,MiQ,,,
𝑅,mitR,,,,,MiR,,,
𝑆,mitS,,,,,MiS,,,
𝑇,mitT,,,,,MiT,,,
𝑈,mitU,,,,,MiU,,,
𝑉,mitV,,,,,MiV,,,
𝑊,mitW,,,,,MiW,,,
𝑋,mitX,,,,,MiX,,,
𝑌,mitY,,,,,MiY,,,
𝑍,mitZ,,,,,MiZ,,,
𝑎,mita,,,,,Mia,,,
𝑏,mitb,,,,,Mib,,,
𝑐,mitc,,,,,Mic,,,
𝑑,mitd,,,,,Mid,,,
𝑒,mite,,,,,Mie,,,
𝑓,mitf,,,,,Mif,,,
𝑔,mitg,,,,,Mig,,,
𝑖,miti,,,,,Mii,,,
𝑗,mitj,,,,,Mij,,,
𝑘,mitk,,,,,Mik,,,
𝑙,mitl,,,,,Mil,,,
𝑚,mitm,,,,,Mim,,,
𝑛,mitn,,,,,Min,,,
𝑜,mito,,,,,Mio,,,
𝑝,mitp,,,,,Mip,,,
𝑞,mitq,,,,,Miq,,,
𝑟,mitr,,,,,Mir,,,
𝑠,mits,,,,,Mis,,,
𝑡,mitt,,,,,Mit,,,
𝑢,mitu,,,,,Miu,,,
𝑣,mitv,,,,,Miv,,,
𝑤,mitw,,,,,Miw,,,
𝑥,mitx,,,,,Mix,,,
𝑦,mity,,,,,Miy,,,
𝑧,mitz,,,,,Miz,,,
𝑨,mbfitA,,,,,MIA,,,
𝑩,mbfitB,,,,,MIB,,,
𝑪,mbfitC,,,,,MIC,,,
𝑫,mbfitD,,,,,MID,,,
𝑬,mbfitE,,,,,MIE,,,
𝑭,mbfitF,,,,,MIF,,,
𝑮,mbfitG,,,,,MIG,,,
𝑯,mbfitH,,,,,MIH,,,
𝑰,mbfitI,,,,,MII,,,
𝑱,mbfitJ,,,,,MIJ,,,
𝑲,mbfitK,,,,,MIK,,,
𝑳,mbfitL,,,,,MIL,,,
𝑴,mbfitM,,,,,MIM,,,
𝑵,mbfitN,,,,,MIN,,,
𝑶,mbfitO,,,,,MIO,,,
𝑷,mbfitP,,,,,MIP,,,
𝑸,mbfitQ,,,,,MIQ,,,
𝑹,mbfitR,,,,,MIR,,,
𝑺,mbfitS,,,,,MIS,,,
𝑻,mbfitT,,,,,MIT,,,
𝑼,mbfitU,,,,,MIU,,,
𝑽,mbfitV,,,,,MIV,,,
𝑾,mbfitW,,,,,MIW,,,
𝑿,mbfitX,,,,,MIX,,,
𝒀,mbfitY,,,,,MIY,,,
𝒁,mbfitZ,,,,,MIZ,,,
𝒂,mbfita,,,,,MIa,,,
𝒃,mbfitb,,,,,MIb,,,
𝒄,mbfitc,,,,,MIc,,,
𝒅,mbfitd,,,,,MId,,,
𝒆,mbfite,,,,,MIe,,,
𝒇,mbfitf,,,,,MIf,,,
𝒈,mbfitg,,,,,MIg,,,
𝒉,mbfith,,,,,MIh,,,
𝒊,mbfiti,,,,,MIi,,,
𝒋,mbfitj,,,,,MIj,,,
𝒌,mbfitk,,,,,MIk,,,
𝒍,mbfitl,,,,,MIl,,,
𝒎,mbfitm,,,,,MIm,,,
𝒏,mbfitn,,,,,MIn,,,
𝒐,mbfito,,,,,MIo,,,
𝒑,mbfitp,,,,,MIp,,,
𝒒,mbfitq,,,,,MIq,,,
𝒓,mbfitr,,,,,MIr,,,
𝒔,mbfits,,,,,MIs,,,
𝒕,mbfitt,,,,,MIt,,,
𝒖,mbfitu,,,,,MIu,,,
𝒗,mbfitv,,,,,MIv,,,
𝒘,mbfitw,,,,,MIw,,,
𝒙,mbfitx,,,,,MIx,,,
𝒚,mbfity,,,,,MIy,,,
𝒛,mbfitz,,,,,MIz,,,
𝒜,mscrA,,,,,McA,,,
𝒞,mscrC,,,,,McC,,,
𝒟,mscrD,,,,,McD,,,
𝒢,mscrG,,,,,McG,,,
𝒥,mscrJ,,,,,McJ,,,
𝒦,mscrK,,,,,McK,,,
𝒩,mscrN,,,,,McN,,,
𝒪,mscrO,,,,,McO,,,
𝒫,mscrP,,,,,powerset | McP,,,
𝒬,mscrQ,,,,,McQ,,,
𝒮,mscrS,,,,,McS,,,
𝒯,mscrT,,,,,McT,,,
𝒰,mscrU,,,,,McU,,,
𝒱,mscrV,,,,,McV,,,
𝒲,mscrW,,,,,McW,,,
𝒳,mscrX,,,,,McX,,,
𝒴,mscrY,,,,,McY,,,
𝒵,mscrZ,,,,,McZ,,,
𝒶,mscra,,,,,Mca,,,
𝒷,mscrb,,,,,Mcb,,,
𝒸,mscrc,,,,,Mcc,,,
𝒹,mscrd,,,,,Mcd,,,
𝒻,mscrf,,,,,Mcf,,,
𝒽,mscrh,,,,,Mch,,,
𝒾,mscri,,,,,Mci,,,
𝒿,mscrj,,,,,Mcj,,,
𝓀,mscrk,,,,,Mck,,,
𝓁,mscrl,,,,,Mcl,,,
𝓂,mscrm,,,,,Mcm,,,
𝓃,mscrn,,,,,Mcn,,,
𝓅,mscrp,,,,,Mcp,,,
𝓆,mscrq,,,,,Mcq,,,
𝓇,mscrr,,,,,Mcr,,,
𝓈,mscrs,,,,,Mcs,,,
𝓉,mscrt,,,,,Mct,,,
𝓊,mscru,,,,,Mcu,,,
𝓋,mscrv,,,,,Mcv,,,
𝓌,mscrw,,,,,Mcw,,,
𝓍,mscrx,,,,,Mcx,,,
𝓎,mscry,,,,,Mcy,,,
𝓏,mscrz,,,,,Mcz,,,
𝓐,mbfscrA,,,,,MCA,,,
𝓑,mbfscrB,,,,,MCB,,,
𝓒,mbfscrC,,,,,MCC,,,
𝓓,mbfscrD,,,,,MCD,,,
𝓔,mbfscrE,,,,,MCE,,,
𝓕,mbfscrF,,,,,MCF,,,
𝓖,mbfscrG,,,,,MCG,,,
𝓗,mbfscrH,,,,,MCH,,,
𝓘,mbfscrI,,,,,MCI,,,
𝓙,mbfscrJ,,,,,MCJ,,,
𝓚,mbfscrK,,,,,MCK,,,
𝓛,mbfscrL,,,,,MCL,,,
𝓜,mbfscrM,,,,,MCM,,,
𝓝,mbfscrN,,,,,MCN | nhds | nbhds,,,
𝓞,mbfscrO,,,,,MCO,,,
𝓟,mbfscrP,,,,,MCP,,,
𝓠,mbfscrQ,,,,,MCQ,,,
𝓡,mbfscrR,,,,,MCR,,,
𝓢,mbfscrS,,,,,MCS,,,
𝓣,mbfscrT,,,,,MCT,,,
𝓤,mbfscrU,,,,,MCU,,,
𝓥,mbfscrV,,,,,MCV,,,
𝓦,mbfscrW,,,,,MCW,,,
𝓧,mbfscrX,,,,,MCX,,,
𝓨,mbfscrY,,,,,MCY,,,
𝓩,mbfscrZ,,,,,MCZ,,,
𝓪,mbfscra,,,,,MCa,,,
𝓫,mbfscrb,,,,,MCb,,,
𝓬,mbfscrc,,,,,MCc,,,
𝓭,mbfscrd,,,,,MCd,,,
𝓮,mbfscre,,,,,MCe,,,
𝓯,mbfscrf,,,,,MCf,,,
𝓰,mbfscrg,,,,,MCg,,,
𝓱,mbfscrh,,,,,MCh,,,
𝓲,mbfscri,,,,,MCi,,,
𝓳,mbfscrj,,,,,MCj,,,
𝓴,mbfscrk,,,,,MCk,,,
𝓵,mbfscrl,,,,,MCl,,,
𝓶,mbfscrm,,,,,MCm,,,
𝓷,mbfscrn,,,,,MCn,,,
𝓸,mbfscro,,,,,MCo,,,
𝓹,mbfscrp,,,,,MCp,,,
𝓺,mbfscrq,,,,,MCq,,,
𝓻,mbfscrr,,,,,MCr,,,
𝓼,mbfscrs,,,,,MCs,,,
𝓽,mbfscrt,,,,,MCt,,,
𝓾,mbfscru,,,,,MCu,,,
𝓿,mbfscrv,,,,,MCv,,,
𝔀,mbfscrw,,,,,MCw,,,
𝔁,mbfscrx,,,,,MCx,,,
𝔂,mbfscry,,,,,MCy,,,
𝔃,mbfscrz,,,,,MCz,,,
𝔄,mfrakA,,,,,MfA,,,
𝔅,mfrakB,,,,,MfB,,,
𝔇,mfrakD,,,,,MfD,,,
𝔈,mfrakE,,,,,MfE,,,
𝔉,mfrakF,,,,,MfF,,,
𝔊,mfrakG,,,,,MfG,,,
𝔍,mfrakJ,,,,,MfJ,,,
𝔎,mfrakK,,,,,MfK,,,
𝔏,mfrakL,,,,,MfL,,,
𝔐,mfrakM,,,,,MfM,,,
𝔑,mfrakN,,,,,MfN,,,
𝔒,mfrakO,,,,,MfO,,,
𝔓,mfrakP,,,,,MfP,,,
𝔔,mfrakQ,,,,,MfQ,,,
𝔖,mfrakS,,,,,MfS,,,
𝔗,mfrakT,,,,,MfT,,,
𝔘,mfrakU,,,,,MfU,,,
𝔙,mfrakV,,,,,MfV,,,
𝔚,mfrakW,,,,,MfW,,,
𝔛,mfrakX,,,,,MfX,,,
𝔜,mfrakY,,,,,MfY,,,
𝔞,mfraka,,,,,Mfa,,,
𝔟,mfrakb,,,,,Mfb,,,
𝔠,mfrakc,,,,,Mfc,,,
𝔡,mfrakd,,,,,Mfd,,,
𝔢,mfrake,,,,,Mfe,,,
𝔣,mfrakf,,,,,Mff,,,
𝔤,mfrakg,,,,,Mfg,,,
𝔥,mfrakh,,,,,Mfh,,,
𝔦,mfraki,,,,,Mfi,,,
𝔧,mfrakj,,,,,Mfj,,,
𝔨,mfrakk,,,,,Mfk,,,
𝔩,mfrakl,,,,,Mfl,,,
𝔪,mfrakm,,,,,Mfm,,,
𝔫,mfrakn,,,,,Mfn,,,
𝔬,mfrako,,,,,Mfo,,,
𝔭,mfrakp,,,,,Mfp,,,
𝔮,mfrakq,,,,,Mfq,,,
𝔯,mfrakr,,,,,Mfr,,,
𝔰,mfraks,,,,,Mfs,,,
𝔱,mfrakt,,,,,Mft,,,
𝔲,mfraku,,,,,Mfu,,,
𝔳,mfrakv,,,,,Mfv,,,
𝔴,mfrakw,,,,,Mfw,,,
𝔵,mfrakx,,,,,Mfx,,,
𝔶,mfraky,,,,,Mfy,,,
𝔷,mfrakz,,,,,Mfz,,,
𝔸,BbbA,,,AA,,bbA,A,,
𝔹,BbbB,,,BB,,bbB,bb,,
𝔻,BbbD,,,DD,,bbD,,,
𝔼,BbbE,,,EE,,bbE,,,
𝔽,BbbF,,,FF,,bbF,F,,
𝔾,BbbG,,,GG,,bbG,,,
𝕀,BbbI,,,II,,bbI,,,
𝕁,BbbJ,,,JJ,,bbJ,,,
𝕂,BbbK,,,KK,,bbK,K,,
𝕃,BbbL,,,LL,,bbL,,,
𝕄,BbbM,,,MM,,bbM,,,
𝕆,BbbO,,,OO,,bbO,,,
𝕊,BbbS,,,SS,,bbS,,,
𝕋,BbbT,,,TT,,bbT,,,
𝕌,BbbU,,,UU,,bbU,,,
𝕍,BbbV,,,VV,,bbV,,,
𝕎,BbbW,,,WW,,bbW,,,
𝕏,BbbX,,,XX,,bbX,,,
𝕐,BbbY,,,YY,,bbY,,,
𝕒,Bbba,,,,,bba,,,
𝕓,Bbbb,,,,,bbb,,,
𝕔,Bbbc,,,,,bbc,,,
𝕕,Bbbd,,,,,bbd,,,
𝕖,Bbbe,,,,,bbe,,,
𝕗,Bbbf,,,,,bbf,,,
𝕘,Bbbg,,,,,bbg,,,
𝕙,Bbbh,,,,,bbh,,,
𝕚,Bbbi,,,,,bbi,,,
𝕛,Bbbj,,,,,bbj,,,
𝕜,Bbbk,,,,,bbk,,,
𝕝,Bbbl,,,,,bbl,,,
𝕞,Bbbm,,,,,bbm,,,
𝕟,Bbbn,,,,,bbn,,,
𝕠,Bbbo,,,,,bbo,,,
𝕡,Bbbp,,,,,bbp,,,
𝕢,Bbbq,,,,,bbq,,,
𝕣,Bbbr,,,,,bbr,,,
𝕤,Bbbs,,,,,bbs,,,
𝕥,Bbbt,,,,,bbt,,,
𝕦,Bbbu,,,,,bbu,,,
𝕧,Bbbv,,,,,bbv,,,
𝕨,Bbbw,,,,,bbw,,,
𝕩,Bbbx,,,,,bbx,,,
𝕪,Bbby,,,,,bby,,,
𝕫,Bbbz,,,,,bbz,,,
𝕬,mbffrakA,,,,,,,,
𝕭,mbffrakB,,,,,,,,
𝕮,mbffrakC,,,,,,,,
𝕯,mbffrakD,,,,,,,,
𝕰,mbffrakE,,,,,,,,
𝕱,mbffrakF,,,,,,,,
𝕲,mbffrakG,,,,,,,,
𝕳,mbffrakH,,,,,,,,
𝕴,mbffrakI,,,,,,,,
𝕵,mbffrakJ,,,,,,,,
𝕶,mbffrakK,,,,,,,,
𝕷,mbffrakL,,,,,,,,
𝕸,mbffrakM,,,,,,,,
𝕹,mbffrakN,,,,,,,,
𝕺,mbffrakO,,,,,,,,
𝕻,mbffrakP,,,,,,,,
𝕼,mbffrakQ,,,,,,,,
𝕽,mbffrakR,,,,,,,,
𝕾,mbffrakS,,,,,,,,
𝕿,mbffrakT,,,,,,,,
𝖀,mbffrakU,,,,,,,,
𝖁,mbffrakV,,,,,,,,
𝖂,mbffrakW,,,,,,,,
𝖃,mbffrakX,,,,,,,,
𝖄,mbffrakY,,,,,,,,
𝖅,mbffrakZ,,,,,,,,
𝖆,mbffraka,,,,,,,,
𝖇,mbffrakb,,,,,,,,
𝖈,mbffrakc,,,,,,,,
𝖉,mbffrakd,,,,,,,,
𝖊,mbffrake,,,,,,,,
𝖋,mbffrakf,,,,,,,,
𝖌,mbffrakg,,,,,,,,
𝖍,mbffrakh,,,,,,,,
𝖎,mbffraki,,,,,,,,
𝖏,mbffrakj,,,,,,,,
𝖐,mbffrakk,,,,,,,,
𝖑,mbffrakl,,,,,,,,
𝖒,mbffrakm,,,,,,,,
𝖓,mbffrakn,,,,,,,,
𝖔,mbffrako,,,,,,,,
𝖕,mbffrakp,,,,,,,,
𝖖,mbffrakq,,,,,,,,
𝖗,mbffrakr,,,,,,,,
𝖘,mbffraks,,,,,,,,
𝖙,mbffrakt,,,,,,,,
𝖚,mbffraku,,,,,,,,
𝖛,mbffrakv,,,,,,,,
𝖜,mbffrakw,,,,,,,,
𝖝,mbffrakx,,,,,,,,
𝖞,mbffraky,,,,,,,,
𝖟,mbffrakz,,,,,,,,
𝖠,msansA,,,,,,,,
𝖡,msansB,,,,,,,,
𝖢,msansC,,,,,,,,
𝖣,msansD,,,,,,,,
𝖤,msansE,,,,,,,,
𝖥,msansF,,,,,,,,
𝖦,msansG,,,,,,,,
𝖧,msansH,,,,,,,,
𝖨,msansI,,,,,,,,
𝖩,msansJ,,,,,,,,
𝖪,msansK,,,,,,,,
𝖫,msansL,,,,,,,,
𝖬,msansM,,,,,,,,
𝖭,msansN,,,,,,,,
𝖮,msansO,,,,,,,,
𝖯,msansP,,,,,,,,
𝖰,msansQ,,,,,,,,
𝖱,msansR,,,,,,,,
𝖲,msansS,,,,,,,,
𝖳,msansT,,,,,,,,
𝖴,msansU,,,,,,,,
𝖵,msansV,,,,,,,,
𝖶,msansW,,,,,,,,
𝖷,msansX,,,,,,,,
𝖸,msansY,,,,,,,,
𝖹,msansZ,,,,,,,,
𝖺,msansa,,,,,,,,
𝖻,msansb,,,,,,,,
𝖼,msansc,,,,,,,,
𝖽,msansd,,,,,,,,
𝖾,msanse,,,,,,,,
𝖿,msansf,,,,,,,,
𝗀,msansg,,,,,,,,
𝗁,msansh,,,,,,,,
𝗂,msansi,,,,,,,,
𝗃,msansj,,,,,,,,
𝗄,msansk,,,,,,,,
𝗅,msansl,,,,,,,,
𝗆,msansm,,,,,,,,
𝗇,msansn,,,,,,,,
𝗈,msanso,,,,,,,,
𝗉,msansp,,,,,,,,
𝗊,msansq,,,,,,,,
𝗋,msansr,,,,,,,,
𝗌,msanss,,,,,,,,
𝗍,msanst,,,,,,,,
𝗎,msansu,,,,,,,,
𝗏,msansv,,,,,,,,
𝗐,msansw,,,,,,,,
𝗑,msansx,,,,,,,,
𝗒,msansy,,,,,,,,
𝗓,msansz,,,,,,,,
𝗔,mbfsansA,,,,,,,,
𝗕,mbfsansB,,,,,,,,
𝗖,mbfsansC,,,,,,,,
𝗗,mbfsansD,,,,,,,,
𝗘,mbfsansE,,,,,,,,
𝗙,mbfsansF,,,,,,,,
𝗚,mbfsansG,,,,,,,,
𝗛,mbfsansH,,,,,,,,
𝗜,mbfsansI,,,,,,,,
𝗝,mbfsansJ,,,,,,,,
𝗞,mbfsansK,,,,,,,,
𝗟,mbfsansL,,,,,,,,
𝗠,mbfsansM,,,,,,,,
𝗡,mbfsansN,,,,,,,,
𝗢,mbfsansO,,,,,,,,
𝗣,mbfsansP,,,,,,,,
𝗤,mbfsansQ,,,,,,,,
𝗥,mbfsansR,,,,,,,,
𝗦,mbfsansS,,,,,,,,
𝗧,mbfsansT,,,,,,,,
𝗨,mbfsansU,,,,,,,,
𝗩,mbfsansV,,,,,,,,
𝗪,mbfsansW,,,,,,,,
𝗫,mbfsansX,,,,,,,,
𝗬,mbfsansY,,,,,,,,
𝗭,mbfsansZ,,,,,,,,
𝗮,mbfsansa,,,,,,,,
𝗯,mbfsansb,,,,,,,,
𝗰,mbfsansc,,,,,,,,
𝗱,mbfsansd,,,,,,,,
𝗲,mbfsanse,,,,,,,,
𝗳,mbfsansf,,,,,,,,
𝗴,mbfsansg,,,,,,,,
𝗵,mbfsansh,,,,,,,,
𝗶,mbfsansi,,,,,,,,
𝗷,mbfsansj,,,,,,,,
𝗸,mbfsansk,,,,,,,,
𝗹,mbfsansl,,,,,,,,
𝗺,mbfsansm,,,,,,,,
𝗻,mbfsansn,,,,,,,,
𝗼,mbfsanso,,,,,,,,
𝗽,mbfsansp,,,,,,,,
𝗾,mbfsansq,,,,,,,,
𝗿,mbfsansr,,,,,,,,
𝘀,mbfsanss,,,,,,,,
𝘁,mbfsanst,,,,,,,,
𝘂,mbfsansu,,,,,,,,
𝘃,mbfsansv,,,,,,,,
𝘄,mbfsansw,,,,,,,,
𝘅,mbfsansx,,,,,,,,
𝘆,mbfsansy,,,,,,,,
𝘇,mbfsansz,,,,,,,,
𝘈,mitsansA,,,,,,,,
𝘉,mitsansB,,,,,,,,
𝘊,mitsansC,,,,,,,,
𝘋,mitsansD,,,,,,,,
𝘌,mitsansE,,,,,,,,
𝘍,mitsansF,,,,,,,,
𝘎,mitsansG,,,,,,,,
𝘏,mitsansH,,,,,,,,
𝘐,mitsansI,,,,,,,,
𝘑,mitsansJ,,,,,,,,
𝘒,mitsansK,,,,,,,,
𝘓,mitsansL,,,,,,,,
𝘔,mitsansM,,,,,,,,
𝘕,mitsansN,,,,,,,,
𝘖,mitsansO,,,,,,,,
𝘗,mitsansP,,,,,,,,
𝘘,mitsansQ,,,,,,,,
𝘙,mitsansR,,,,,,,,
𝘚,mitsansS,,,,,,,,
𝘛,mitsansT,,,,,,,,
𝘜,mitsansU,,,,,,,,
𝘝,mitsansV,,,,,,,,
𝘞,mitsansW,,,,,,,,
𝘟,mitsansX,,,,,,,,
𝘠,mitsansY,,,,,,,,
𝘡,mitsansZ,,,,,,,,
𝘢,mitsansa,,,,,,,,
𝘣,mitsansb,,,,,,,,
𝘤,mitsansc,,,,,,,,
𝘥,mitsansd,,,,,,,,
𝘦,mitsanse,,,,,,,,
𝘧,mitsansf,,,,,,,,
𝘨,mitsansg,,,,,,,,
𝘩,mitsansh,,,,,,,,
𝘪,mitsansi,,,,,,,,
𝘫,mitsansj,,,,,,,,
𝘬,mitsansk,,,,,,,,
𝘭,mitsansl,,,,,,,,
𝘮,mitsansm,,,,,,,,
𝘯,mitsansn,,,,,,,,
𝘰,mitsanso,,,,,,,,
𝘱,mitsansp,,,,,,,,
𝘲,mitsansq,,,,,,,,
𝘳,mitsansr,,,,,,,,
𝘴,mitsanss,,,,,,,,
𝘵,mitsanst,,,,,,,,
𝘶,mitsansu,,,,,,,,
𝘷,mitsansv,,,,,,,,
𝘸,mitsansw,,,,,,,,
𝘹,mitsansx,,,,,,,,
𝘺,mitsansy,,,,,,,,
𝘻,mitsansz,,,,,,,,
𝘼,mbfitsansA,,,,,,,,
𝘽,mbfitsansB,,,,,,,,
𝘾,mbfitsansC,,,,,,,,
𝘿,mbfitsansD,,,,,,,,
𝙀,mbfitsansE,,,,,,,,
𝙁,mbfitsansF,,,,,,,,
𝙂,mbfitsansG,,,,,,,,
𝙃,mbfitsansH,,,,,,,,
𝙄,mbfitsansI,,,,,,,,
𝙅,mbfitsansJ,,,,,,,,
𝙆,mbfitsansK,,,,,,,,
𝙇,mbfitsansL,,,,,,,,
𝙈,mbfitsansM,,,,,,,,
𝙉,mbfitsansN,,,,,,,,
𝙊,mbfitsansO,,,,,,,,
𝙋,mbfitsansP,,,,,,,,
𝙌,mbfitsansQ,,,,,,,,
𝙍,mbfitsansR,,,,,,,,
𝙎,mbfitsansS,,,,,,,,
𝙏,mbfitsansT,,,,,,,,
𝙐,mbfitsansU,,,,,,,,
𝙑,mbfitsansV,,,,,,,,
𝙒,mbfitsansW,,,,,,,,
𝙓,mbfitsansX,,,,,,,,
𝙔,mbfitsansY,,,,,,,,
𝙕,mbfitsansZ,,,,,,,,
𝙖,mbfitsansa,,,,,,,,
𝙗,mbfitsansb,,,,,,,,
𝙘,mbfitsansc,,,,,,,,
𝙙,mbfitsansd,,,,,,,,
𝙚,mbfitsanse,,,,,,,,
𝙛,mbfitsansf,,,,,,,,
𝙜,mbfitsansg,,,,,,,,
𝙝,mbfitsansh,,,,,,,,
𝙞,mbfitsansi,,,,,,,,
𝙟,mbfitsansj,,,,,,,,
𝙠,mbfitsansk,,,,,,,,
𝙡,mbfitsansl,,,,,,,,
𝙢,mbfitsansm,,,,,,,,
𝙣,mbfitsansn,,,,,,,,
𝙤,mbfitsanso,,,,,,,,
𝙥,mbfitsansp,,,,,,,,
𝙦,mbfitsansq,,,,,,,,
𝙧,mbfitsansr,,,,,,,,
𝙨,mbfitsanss,,,,,,,,
𝙩,mbfitsanst,,,,,,,,
𝙪,mbfitsansu,,,,,,,,
𝙫,mbfitsansv,,,,,,,,
𝙬,mbfitsansw,,,,,,,,
𝙭,mbfitsansx,,,,,,,,
𝙮,mbfitsansy,,,,,,,,
𝙯,mbfitsansz,,,,,,,,
𝙰,mttA,,,,,,,,
𝙱,mttB,,,,,,,,
𝙲,mttC,,,,,,,,
𝙳,mttD,,,,,,,,
𝙴,mttE,,,,,,,,
𝙵,mttF,,,,,,,,
𝙶,mttG,,,,,,,,
𝙷,mttH,,,,,,,,
𝙸,mttI,,,,,,,,
𝙹,mttJ,,,,,,,,
𝙺,mttK,,,,,,,,
𝙻,mttL,,,,,,,,
𝙼,mttM,,,,,,,,
𝙽,mttN,,,,,,,,
𝙾,mttO,,,,,,,,
𝙿,mttP,,,,,,,,
𝚀,mttQ,,,,,,,,
𝚁,mttR,,,,,,,,
𝚂,mttS,,,,,,,,
𝚃,mttT,,,,,,,,
𝚄,mttU,,,,,,,,
𝚅,mttV,,,,,,,,
𝚆,mttW,,,,,,,,
𝚇,mttX,,,,,,,,
𝚈,mttY,,,,,,,,
𝚉,mttZ,,,,,,,,
𝚊,mtta,,,,,,,,
𝚋,mttb,,,,,,,,
𝚌,mttc,,,,,,,,
𝚍,mttd,,,,,,,,
𝚎,mtte,,,,,,,,
𝚏,mttf,,,,,,,,
𝚐,mttg,,,,,,,,
𝚑,mtth,,,,,,,,
𝚒,mtti,,,,,,,,
𝚓,mttj,,,,,,,,
𝚔,mttk,,,,,,,,
𝚕,mttl,,,,,,,,
𝚖,mttm,,,,,,,,
𝚗,mttn,,,,,,,,
𝚘,mtto,,,,,,,,
𝚙,mttp,,,,,,,,
𝚚,mttq,,,,,,,,
𝚛,mttr,,,,,,,,
𝚜,mtts,,,,,,,,
𝚝,mttt,,,,,,,,
𝚞,mttu,,,,,,,,
𝚟,mttv,,,,,,,,
𝚠,mttw,,,,,,,,
𝚡,mttx,,,,,,,,
𝚢,mtty,,,,,,,,
𝚣,mttz,,,,,,,,
𝚤,imath,,,,,,,,
𝚥,jmath,,,,,,,,
𝚨,mbfAlpha,,,,,,,,
𝚩,mbfBeta,,,,,,,,
𝚪,mbfGamma,,,,,,,,
𝚫,mbfDelta,,,,,,,,
𝚬,mbfEpsilon,,,,,,,,
𝚭,mbfZeta,,,,,,,,
𝚮,mbfEta,,,,,,,,
𝚯,mbfTheta,,,,,,,,
𝚰,mbfIota,,,,,,,,
𝚱,mbfKappa,,,,,,,,
𝚲,mbfLambda,,,,,,,,
𝚳,mbfMu,,,,,,,,
𝚴,mbfNu,,,,,,,,
𝚵,mbfXi,,,,,,,,
𝚶,mbfOmicron,,,,,,,,
𝚷,mbfPi,,,,,,,,
𝚸,mbfRho,,,,,,,,
𝚹,mbfvarTheta,,,,,,,,
𝚺,mbfSigma,,,,,,,,
𝚻,mbfTau,,,,,,,,
𝚼,mbfUpsilon,,,,,,,,
𝚽,mbfPhi,,,,,,,,
𝚾,mbfChi,,,,,,,,
𝚿,mbfPsi,,,,,,,,
𝛀,mbfOmega,,,,,,,,
𝛁,mbfnabla,,,,,,,,
𝛂,mbfalpha,,,,,,,,
𝛃,mbfbeta,,,,,,,,
𝛄,mbfgamma,,,,,,,,
𝛅,mbfdelta,,,,,,,,
𝛆,mbfvarepsilon,,,,,,,,
𝛇,mbfzeta,,,,,,,,
𝛈,mbfeta,,,,,,,,
𝛉,mbftheta,,,,,,,,
𝛊,mbfiota,,,,,,,,
𝛋,mbfkappa,,,,,,,,
𝛌,mbflambda,,,,,,,,
𝛍,mbfmu,,,,,,,,
𝛎,mbfnu,,,,,,,,
𝛏,mbfxi,,,,,,,,
𝛐,mbfomicron,,,,,,,,
𝛑,mbfpi,,,,,,,,
𝛒,mbfrho,,,,,,,,
𝛓,mbfvarsigma,,,,,,,,
𝛔,mbfsigma,,,,,,,,
𝛕,mbftau,,,,,,,,
𝛖,mbfupsilon,,,,,,,,
𝛗,mbfvarphi,,,,,,,,
𝛘,mbfchi,,,,,,,,
𝛙,mbfpsi,,,,,,,,
𝛚,mbfomega,,,,,,,,
𝛛,mbfpartial,,,,,,,,
𝛜,mbfepsilon,,,,,,,,
𝛝,mbfvartheta,,,,,,,,
𝛞,mbfvarkappa,,,,,,,,
𝛟,mbfphi,,,,,,,,
𝛠,mbfvarrho,,,,,,,,
𝛡,mbfvarpi,,,,,,,,
𝛢,mitAlpha,,,,,,,,
𝛣,mitBeta,,,,,,,,
𝛤,mitGamma,,,,,,,,
𝛥,mitDelta,,,,,,,,
𝛦,mitEpsilon,,,,,,,,
𝛧,mitZeta,,,,,,,,
𝛨,mitEta,,,,,,,,
𝛩,mitTheta,,,,,,,,
𝛪,mitIota,,,,,,,,
𝛫,mitKappa,,,,,,,,
𝛬,mitLambda,,,,,,,,
𝛭,mitMu,,,,,,,,
𝛮,mitNu,,,,,,,,
𝛯,mitXi,,,,,,,,
𝛰,mitOmicron,,,,,,,,
𝛱,mitPi,,,,,,,,
𝛲,mitRho,,,,,,,,
𝛳,mitvarTheta,,,,,,,,
𝛴,mitSigma,,,,,,,,
𝛵,mitTau,,,,,,,,
𝛶,mitUpsilon,,,,,,,,
𝛷,mitPhi,,,,,,,,
𝛸,mitChi,,,,,,,,
𝛹,mitPsi,,,,,,,,
𝛺,mitOmega,,,,,,,,
𝛻,mitnabla,,,,,,,,
𝛼,mitalpha,,,,,,,,
𝛽,mitbeta,,,,,,,,
𝛾,mitgamma,,,,,,,,
𝛿,mitdelta,,,,,,,,
𝜀,mitvarepsilon,,,,,,,,
𝜁,mitzeta,,,,,,,,
𝜂,miteta,,,,,,,,
𝜃,mittheta,,,,,,,,
𝜄,mitiota,,,,,,,,
𝜅,mitkappa,,,,,,,,
𝜆,mitlambda,,,,,,,,
𝜇,mitmu,,,,,,,,
𝜈,mitnu,,,,,,,,
𝜉,mitxi,,,,,,,,
𝜊,mitomicron,,,,,,,,
𝜋,mitpi,,,,,,,,
𝜌,mitrho,,,,,,,,
𝜍,mitvarsigma,,,,,,,,
𝜎,mitsigma,,,,,,,,
𝜏,mittau,,,,,,,,
𝜐,mitupsilon,,,,,,,,
𝜑,mitvarphi,,,,,,,,
𝜒,mitchi,,,,,,,,
𝜓,mitpsi,,,,,,,,
𝜔,mitomega,,,,,,,,
𝜕,mitpartial,,,,,,,,
𝜖,mitepsilon,,,,,,,,
𝜗,mitvartheta,,,,,,,,
𝜘,mitvarkappa,,,,,,,,
𝜙,mitphi,,,,,,,,
𝜚,mitvarrho,,,,,,,,
𝜛,mitvarpi,,,,,,,,
𝜜,mbfitAlpha,,,,,,,,
𝜝,mbfitBeta,,,,,,,,
𝜞,mbfitGamma,,,,,,,,
𝜟,mbfitDelta,,,,,,,,
𝜠,mbfitEpsilon,,,,,,,,
𝜡,mbfitZeta,,,,,,,,
𝜢,mbfitEta,,,,,,,,
𝜣,mbfitTheta,,,,,,,,
𝜤,mbfitIota,,,,,,,,
𝜥,mbfitKappa,,,,,,,,
𝜦,mbfitLambda,,,,,,,,
𝜧,mbfitMu,,,,,,,,
𝜨,mbfitNu,,,,,,,,
𝜩,mbfitXi,,,,,,,,
𝜪,mbfitOmicron,,,,,,,,
𝜫,mbfitPi,,,,,,,,
𝜬,mbfitRho,,,,,,,,
𝜭,mbfitvarTheta,,,,,,,,
𝜮,mbfitSigma,,,,,,,,
𝜯,mbfitTau,,,,,,,,
𝜰,mbfitUpsilon,,,,,,,,
𝜱,mbfitPhi,,,,,,,,
𝜲,mbfitChi,,,,,,,,
𝜳,mbfitPsi,,,,,,,,
𝜴,mbfitOmega,,,,,,,,
𝜵,mbfitnabla,,,,,,,,
𝜶,mbfitalpha,,,,,,,,
𝜷,mbfitbeta,,,,,,,,
𝜸,mbfitgamma,,,,,,,,
𝜹,mbfitdelta,,,,,,,,
𝜺,mbfitvarepsilon,,,,,,,,
𝜻,mbfitzeta,,,,,,,,
𝜼,mbfiteta,,,,,,,,
𝜽,mbfittheta,,,,,,,,
𝜾,mbfitiota,,,,,,,,
𝜿,mbfitkappa,,,,,,,,
𝝀,mbfitlambda,,,,,,,,
𝝁,mbfitmu,,,,,,,,
𝝂,mbfitnu,,,,,,,,
𝝃,mbfitxi,,,,,,,,
𝝄,mbfitomicron,,,,,,,,
𝝅,mbfitpi,,,,,,,,
𝝆,mbfitrho,,,,,,,,
𝝇,mbfitvarsigma,,,,,,,,
𝝈,mbfitsigma,,,,,,,,
𝝉,mbfittau,,,,,,,,
𝝊,mbfitupsilon,,,,,,,,
𝝋,mbfitvarphi,,,,,,,,
𝝌,mbfitchi,,,,,,,,
𝝍,mbfitpsi,,,,,,,,
𝝎,mbfitomega,,,,,,,,
𝝏,mbfitpartial,,,,,,,,
𝝐,mbfitepsilon,,,,,,,,
𝝑,mbfitvartheta,,,,,,,,
𝝒,mbfitvarkappa,,,,,,,,
𝝓,mbfitphi,,,,,,,,
𝝔,mbfitvarrho,,,,,,,,
𝝕,mbfitvarpi,,,,,,,,
𝝖,mbfsansAlpha,,,,,,,,
𝝗,mbfsansBeta,,,,,,,,
𝝘,mbfsansGamma,,,,,,,,
𝝙,mbfsansDelta,,,,,,,,
𝝚,mbfsansEpsilon,,,,,,,,
𝝛,mbfsansZeta,,,,,,,,
𝝜,mbfsansEta,,,,,,,,
𝝝,mbfsansTheta,,,,,,,,
𝝞,mbfsansIota,,,,,,,,
𝝟,mbfsansKappa,,,,,,,,
𝝠,mbfsansLambda,,,,,,,,
𝝡,mbfsansMu,,,,,,,,
𝝢,mbfsansNu,,,,,,,,
𝝣,mbfsansXi,,,,,,,,
𝝤,mbfsansOmicron,,,,,,,,
𝝥,mbfsansPi,,,,,,,,
𝝦,mbfsansRho,,,,,,,,
𝝧,mbfsansvarTheta,,,,,,,,
𝝨,mbfsansSigma,,,,,,,,
𝝩,mbfsansTau,,,,,,,,
𝝪,mbfsansUpsilon,,,,,,,,
𝝫,mbfsansPhi,,,,,,,,
𝝬,mbfsansChi,,,,,,,,
𝝭,mbfsansPsi,,,,,,,,
𝝮,mbfsansOmega,,,,,,,,
𝝯,mbfsansnabla,,,,,,,,
𝝰,mbfsansalpha,,,,,,,,
𝝱,mbfsansbeta,,,,,,,,
𝝲,mbfsansgamma,,,,,,,,
𝝳,mbfsansdelta,,,,,,,,
𝝴,mbfsansvarepsilon,,,,,,,,
𝝵,mbfsanszeta,,,,,,,,
𝝶,mbfsanseta,,,,,,,,
𝝷,mbfsanstheta,,,,,,,,
𝝸,mbfsansiota,,,,,,,,
𝝹,mbfsanskappa,,,,,,,,
𝝺,mbfsanslambda,,,,,,,,
𝝻,mbfsansmu,,,,,,,,
𝝼,mbfsansnu,,,,,,,,
𝝽,mbfsansxi,,,,,,,,
𝝾,mbfsansomicron,,,,,,,,
𝝿,mbfsanspi,,,,,,,,
𝞀,mbfsansrho,,,,,,,,
𝞁,mbfsansvarsigma,,,,,,,,
𝞂,mbfsanssigma,,,,,,,,
𝞃,mbfsanstau,,,,,,,,
𝞄,mbfsansupsilon,,,,,,,,
𝞅,mbfsansvarphi,,,,,,,,
𝞆,mbfsanschi,,,,,,,,
𝞇,mbfsanspsi,,,,,,,,
𝞈,mbfsansomega,,,,,,,,
𝞉,mbfsanspartial,,,,,,,,
𝞊,mbfsansepsilon,,,,,,,,
𝞋,mbfsansvartheta,,,,,,,,
𝞌,mbfsansvarkappa,,,,,,,,
𝞍,mbfsansphi,,,,,,,,
𝞎,mbfsansvarrho,,,,,,,,
𝞏,mbfsansvarpi,,,,,,,,
𝞐,mbfitsansAlpha,,,,,,,,
𝞑,mbfitsansBeta,,,,,,,,
𝞒,mbfitsansGamma,,,,,,,,
𝞓,mbfitsansDelta,,,,,,,,
𝞔,mbfitsansEpsilon,,,,,,,,
𝞕,mbfitsansZeta,,,,,,,,
𝞖,mbfitsansEta,,,,,,,,
𝞗,mbfitsansTheta,,,,,,,,
𝞘,mbfitsansIota,,,,,,,,
𝞙,mbfitsansKappa,,,,,,,,
𝞚,mbfitsansLambda,,,,,,,,
𝞛,mbfitsansMu,,,,,,,,
𝞜,mbfitsansNu,,,,,,,,
𝞝,mbfitsansXi,,,,,,,,
𝞞,mbfitsansOmicron,,,,,,,,
𝞟,mbfitsansPi,,,,,,,,
𝞠,mbfitsansRho,,,,,,,,
𝞡,mbfitsansvarTheta,,,,,,,,
𝞢,mbfitsansSigma,,,,,,,,
𝞣,mbfitsansTau,,,,,,,,
𝞤,mbfitsansUpsilon,,,,,,,,
𝞥,mbfitsansPhi,,,,,,,,
𝞦,mbfitsansChi,,,,,,,,
𝞧,mbfitsansPsi,,,,,,,,
𝞨,mbfitsansOmega,,,,,,,,
𝞩,mbfitsansnabla,,,,,,,,
𝞪,mbfitsansalpha,,,,,,,,
𝞫,mbfitsansbeta,,,,,,,,
𝞬,mbfitsansgamma,,,,,,,,
𝞭,mbfitsansdelta,,,,,,,,
𝞮,mbfitsansvarepsilon,,,,,,,,
𝞯,mbfitsanszeta,,,,,,,,
𝞰,mbfitsanseta,,,,,,,,
𝞱,mbfitsanstheta,,,,,,,,
𝞲,mbfitsansiota,,,,,,,,
𝞳,mbfitsanskappa,,,,,,,,
𝞴,mbfitsanslambda,,,,,,,,
𝞵,mbfitsansmu,,,,,,,,
𝞶,mbfitsansnu,,,,,,,,
𝞷,mbfitsansxi,,,,,,,,
𝞸,mbfitsansomicron,,,,,,,,
𝞹,mbfitsanspi,,,,,,,,
𝞺,mbfitsansrho,,,,,,,,
𝞻,mbfitsansvarsigma,,,,,,,,
𝞼,mbfitsanssigma,,,,,,,,
𝞽,mbfitsanstau,,,,,,,,
𝞾,mbfitsansupsilon,,,,,,,,
𝞿,mbfitsansvarphi,,,,,,,,
𝟀,mbfitsanschi,,,,,,,,
𝟁,mbfitsanspsi,,,,,,,,
𝟂,mbfitsansomega,,,,,,,,
𝟃,mbfitsanspartial,,,,,,,,
𝟄,mbfitsansepsilon,,,,,,,,
𝟅,mbfitsansvartheta,,,,,,,,
𝟆,mbfitsansvarkappa,,,,,,,,
𝟇,mbfitsansphi,,,,,,,,
𝟈,mbfitsansvarrho,,,,,,,,
𝟉,mbfitsansvarpi,,,,,,,,
𝟊,mbfDigamma,,,,,,,,
𝟋,mbfdigamma,,,,,,,,
𝟎,mbfzero,,,,,,,,
𝟏,mbfone,,,,,,,,
𝟐,mbftwo,,,,,,,,
𝟑,mbfthree,,,,,,,,
𝟒,mbffour,,,,,,,,
𝟓,mbffive,,,,,,,,
𝟔,mbfsix,,,,,,,,
𝟕,mbfseven,,,,,,,,
𝟖,mbfeight,,,,,,,,
𝟗,mbfnine,,,,,,,,
𝟘,Bbbzero,,,,,,b0,,
𝟙,Bbbone,,,,,,b1,,
𝟚,Bbbtwo,,,,,,b2,,
𝟛,Bbbthree,,,,,,b3,,
𝟜,Bbbfour,,,,,,b4,,
𝟝,Bbbfive,,,,,,b5,,
𝟞,Bbbsix,,,,,,b6,,
𝟟,Bbbseven,,,,,,b7,,
𝟠,Bbbeight,,,,,,b8,,
𝟡,Bbbnine,,,,,,b9,,
𝟢,msanszero,,,,,,,,
𝟣,msansone,,,,,,,,
𝟤,msanstwo,,,,,,,,
𝟥,msansthree,,,,,,,,
𝟦,msansfour,,,,,,,,
𝟧,msansfive,,,,,,,,
𝟨,msanssix,,,,,,,,
𝟩,msansseven,,,,,,,,
𝟪,msanseight,,,,,,,,
𝟫,msansnine,,,,,,,,
𝟬,mbfsanszero,,,,,sb0,,,
𝟭,mbfsansone,,,,,sb1,,,
𝟮,mbfsanstwo,,,,,sb2,,,
𝟯,mbfsansthree,,,,,sb3,,,
𝟰,mbfsansfour,,,,,sb4,,,
𝟱,mbfsansfive,,,,,sb5,,,
𝟲,mbfsanssix,,,,,sb6,,,
𝟳,mbfsansseven,,,,,sb7,,,
𝟴,mbfsanseight,,,,,sb8,,,
𝟵,mbfsansnine,,,,,sb9,,,
𝟶,mttzero,,,,,,,,
𝟷,mttone,,,,,,,,
𝟸,mtttwo,,,,,,,,
𝟹,mttthree,,,,,,,,
𝟺,mttfour,,,,,,,,
𝟻,mttfive,,,,,,,,
𝟼,mttsix,,,,,,,,
𝟽,mttseven,,,,,,,,
𝟾,mtteight,,,,,,,,
𝟿,mttnine,,,,,,,,
𞋿,,,,rupee.wancho,,,,,
𞻰,arabicmaj,,,,,,,,
𞻱,arabichad,,,,,,,,
🄍,,,,cc.zero,,,,,
🄎,,,,cc.sa,,,,,
🄏,,,,cc.nc,,,,,
🄯,,,,copyleft,,,,,
🅭,,,,cc,,,,,
🅮,,,,cc.public,,,,,
🅯,,,,cc.by,,,,,
🎜,,,,note.up,,,,,
🎝,,,,note.down,,,,,
🗸,,,,checkmark.light,,,,,
🗹,,,,ballot.check.heavy,,,,,
🚧,,,,,,construction,,,
🛆,,,,triangle.stroked.rounded,,,,,
🛇,,,,,,prohibited,,,
🛑,,,,,,octagonal,,,
🜨,,,,earth,,,,,
(),,,,,,,(),,
[],,,,,,,[],,
\\,,,,backslash,,,,,
\n,,,,,,,n,,
{},,,,,,,{},,
«»,,,,,,f<<>>,,,
×ˢ,,,,,,,xs,,
×ᶠ,,,,,,,xf,,
Π₀,,,,,,Pi0 | Pi_0 | P_0,P0,,
ᵒᵈ,,,,,,orderdual,od,,
ᵒᵖ,,,,,,opposite,op,,
‖‖,,,,,,norm,||||,,
‹›,,,,,,f<>,,,
⁅⁆,,,,,,,[--],,
⁻²,,,,,,,-2,,
⁻³,,,,,,,-3,,
⁻¹,,,,,,inv | ^-1,- | -1 | sy,,
⁽⁾,,,,,,,^(),,
₍₎,,,,,,,_(),,
ℕ∞,,,,,,enat,,,
ℤ√,,,,,,Zsqrt | zsqrtd,,,
ℵ₀,,,,,,aleph0,,,
→ᵇ,,,,,,tob | to^b | r^b | boundedcontinuousfunction,rb,,
→₀,,,,,,to0 | to_0 | r_0 | finsupp,r0,,
→₁,,,,,,to1 | to_1 | r_1,r1 | l1,,
→ₐ,,,,,,toa | to_a | r_a | alghom,ra,,
→ₗ,,,,,,tol | to_l | r_l | linearmap,rl,,
→ₘ,,,,,,tom | to_m | r_m | aeeqfun,rm,,
→ₚ,,,,,,to_p | r_p | dfinsupp,rp,,
→ₛ,,,,,,tos | to_s | r_s | simplefunc,rs,,
∀ᵐ,,,,,,allm | all^m,,,
∀ᶠ,,,,,,allf | all^f,,,
∃ᶠ,,,,,,exf,,,
∏ᶠ,,,,,,finprod,,,
∑ᶠ,,,,,,finsum,,,
∘*,,,,,,,o*,,
⋂₀,,,,,,sInter,I0,,
⋃₀,,,,,,sUnion,U0,,
⌈⌉,,,,,,ceil,,,
⌊⌋,,,,,,floor,,,
❰❱,,,,,,h<>,,,
⟦⟧,,,,,,,[[]],,
⟨⟩,,,,,,,<>,,
⟮⟯,,,,,,,([])',,
⦃⦄,,,,,,,{{}},,
⦋⦌,,,,,,s[] | simplex,,,
⸨⸩,,,,,,,(()),,
()_,,,,,,,()_,,
[]_,,,,,,,[]_,,
{}_,,,,,,,{}_,,
ᵃᵒᵖ,,,,,,addopposite | aop,,,
ᵐᵒᵖ,,,,,,mulopposite | mop,,,
‖‖₊,,,,,,nnnorm,,,
⁻¹',,,,,,preim | preimage,,,
ℝ≥0,,,,,,Rge0 | R>=0 | nnreal,,,
→₁ₛ,,,,,,to1s | r1s | to_1s | r_1s | l1simplefunc,,,
→ₛₗ,,,,,,tosl | rsl | to_sl | r_sl | semilinearmap,,,
⌈⌉₊,,,,,,nceil,,,
⌊⌋₊,,,,,,nfloor,,,
ℝ≥0∞,,,,,,ennreal,,,
